<?xml version="1.0" encoding="utf-8"?><pat:SpecificationDocument xmlns:xsi="http://www.w3.org/2001/XMLSchema-instance" xmlns:mml="http://www.w3.org/1998/Math/MathML" xmlns:pat="urn:us:gov:doc:uspto:patent" xmlns:ent="urn:us:gov:doc:uspto:enterprise" xmlns="urn:us:gov:doc:uspto:patent" xmlns:tbl="http://www.oasis-open.org/tables/exchange/1.0" xmlns:com="http://www.wipo.int/standards/XMLSchema/Common/1" xsi:schemaLocation="urn:us:gov:doc:uspto:patent XML_SCHEMAS/V1_3/SpecificationDocument_1_0.xsd" pat:instanceFileName="13821389.03-07-2013.HE1CULBXPXXIFW4.ABST.XML" pat:id="HE1CULBXPXXIFW4"><pat:DocumentCode>ABST</pat:DocumentCode><pat:DocumentHeaderDetails pat:id="ID-00001"><pat:ApplicationHeaderDetails><pat:ApplicationNumber>13821389</pat:ApplicationNumber></pat:ApplicationHeaderDetails><pat:PageTotalQuantity>1</pat:PageTotalQuantity><pat:ParagraphTotalQuantity>8</pat:ParagraphTotalQuantity></pat:DocumentHeaderDetails><pat:MailRoomDate>2013-03-07</pat:MailRoomDate><pat:DocumentCreateDateText>2014-10-06</pat:DocumentCreateDateText><pat:DocumentTitle>ABSTRACT DOCUMENT</pat:DocumentTitle><pat:Specification><?PageStart number='1'?><pat:P pat:pNumber="1" pat:id="p-1">(12) INTERNATIONAL APPLICATION PUBLISHED UNDER THE P<pat:PartName pat:idref='PN-00001'>ATENT COOPERATION TREATY (PCT) </pat:PartName>(<pat:PartNumber pat:id='PN-00001'>19</pat:PartNumber>) <pat:OCRConfidenceData pat:levelNumber='5'>W</pat:OCRConfidenceData>orld Intellectu<pat:PartName pat:idref='PN-00002'>al Property Organization              <pat:OCRConfidenceData pat:levelNumber='6526'>IIII</pat:OCRConfidenceData> <pat:OCRConfidenceData pat:levelNumber='664'>III</pat:OCRConfidenceData>  <pat:OCRConfidenceData pat:levelNumber='6'>I</pat:OCRConfidenceData> <pat:OCRConfidenceData pat:levelNumber='415'>IDI</pat:OCRConfidenceData> <pat:OCRConfidenceData pat:levelNumber='251'>DID</pat:OCRConfidenceData>  <pat:OCRConfidenceData pat:levelNumber='6651'>IIII</pat:OCRConfidenceData> <pat:OCRConfidenceData pat:levelNumber='5'>I</pat:OCRConfidenceData> <pat:OCRConfidenceData pat:levelNumber='5'>I</pat:OCRConfidenceData> <pat:OCRConfidenceData pat:levelNumber='51'>II</pat:OCRConfidenceData> <pat:OCRConfidenceData pat:levelNumber='1555'>DIII</pat:OCRConfidenceData> <pat:OCRConfidenceData pat:levelNumber='111'>DDI</pat:OCRConfidenceData> <pat:OCRConfidenceData pat:levelNumber='252'>lID</pat:OCRConfidenceData> <pat:OCRConfidenceData pat:levelNumber='555'>III</pat:OCRConfidenceData> <pat:OCRConfidenceData pat:levelNumber='455'>III</pat:OCRConfidenceData> <pat:OCRConfidenceData pat:levelNumber='22'>DD</pat:OCRConfidenceData> <pat:OCRConfidenceData pat:levelNumber='5441'>IIID</pat:OCRConfidenceData> <pat:OCRConfidenceData pat:levelNumber='616'>III</pat:OCRConfidenceData> <pat:OCRConfidenceData pat:levelNumber='5'>I</pat:OCRConfidenceData> <pat:OCRConfidenceData pat:levelNumber='661'>III</pat:OCRConfidenceData> International Bureau </pat:PartName><pat:OCRConfidenceData pat:levelNumber='6'>(</pat:OCRConfidenceData><pat:PartNumber pat:id='PN-00002'><pat:OCRConfidenceData pat:levelNumber='66'>43</pat:OCRConfidenceData></pat:PartNumber><pat:OCRConfidenceData pat:levelNumber='6'>)</pat:OCRConfidenceData> <pat:OCRConfidenceData pat:levelNumber='6666666666666'>International</pat:OCRConfidenceData> <pat:OCRConfidenceData pat:levelNumber='6666666'>Publica</pat:OCRConfidenceData><pat:PartName pat:idref='PN-00003'><pat:OCRConfidenceData pat:levelNumber='6666'>tion</pat:OCRConfidenceData> <pat:OCRConfidenceData pat:levelNumber='6666'>Date</pat:OCRConfidenceData>          <pat:OCRConfidenceData pat:levelNumber='26'>MP</pat:OCRConfidenceData>            </pat:PartName>(<pat:PartNumber pat:id='PN-00003'>10</pat:PartNumber>) <pat:PartName pat:idref='PN-00004'>International Publication Number</pat:PartName> <pat:PartNumber pat:id='PN-00004'>22</pat:PartNumber> Ma<pat:OCRConfidenceData pat:levelNumber='666'>rch</pat:OCRConfidenceData> <pat:OCRConfidenceData pat:levelNumber='6666'>2012</pat:OCRConfidenceData> <pat:PartName pat:idref='PN-00005'><pat:OCRConfidenceData pat:levelNumber='666866'>(22.03</pat:OCRConfidenceData></pat:PartName><pat:OCRConfidenceData pat:levelNumber='8'>.</pat:OCRConfidenceData><pat:PartNumber pat:id='PN-00005'><pat:OCRConfidenceData pat:levelNumber='6666'>2012</pat:OCRConfidenceData></pat:PartNumber><pat:OCRConfidenceData pat:levelNumber='6'>)</pat:OCRConfidenceData>               PCT           <pat:PartName pat:idref='PN-00006'>    WO</pat:PartName> <pat:PartNumber pat:id='PN-00006'>2012</pat:PartNumber>/037063 A<pat:PartName pat:idref='PN-00007'>2 </pat:PartName>(<pat:PartNumber pat:id='PN-00007'>51</pat:PartNumber>) International Patent Classification:                   HN, HR, HU, ID, IL, IN, IS, JP, KE, KG, KM, KN, KP, <pat:PartName pat:idref='PN-00008'><pat:OCRConfidenceData pat:levelNumber='8528'>GO1G</pat:OCRConfidenceData></pat:PartName> <pat:PartNumber pat:id='PN-00008'>19</pat:PartNumber>/44 (20<pat:PartName pat:idref='PN-00009'>06.01)    G<pat:OCRConfidenceData pat:levelNumber='568'>01G</pat:OCRConfidenceData></pat:PartName> <pat:PartNumber pat:id='PN-00009'>23</pat:PartNumber>/37(2006.01)            KR, KZ, LA, LC, LK, LR, LS, LT, LU, LY, MA, MD, <pat:PartName pat:idref='PN-00010'><pat:OCRConfidenceData pat:levelNumber='855'>GO1</pat:OCRConfidenceData>G</pat:PartName> <pat:PartNumber pat:id='PN-00010'>23</pat:PartNumber>/36 (20<pat:PartName pat:idref='PN-00011'>06.01)    G<pat:OCRConfidenceData pat:levelNumber='45'>O1</pat:OCRConfidenceData>G</pat:PartName> <pat:PartNumber pat:id='PN-00011'>23</pat:PartNumber>/44 (2006.01)           ME, MG, MK, MN, MW, MX, MY, MZ, NA, NG, N<pat:OCRConfidenceData pat:levelNumber='68'>I,</pat:OCRConfidenceData> NO, NZ, <pat:OCRConfidenceData pat:levelNumber='5'>O</pat:OCRConfidenceData>M, PE, PG, PH, PL, PT, QA, RO, RS, RU, (21) International Application Number:                      RW, SC, SD, SE, SG, SK, SL, SM, ST, SV, SY, TH, TJ, <pat:PartName pat:idref='PN-00012'>PCT/U<pat:OCRConfidenceData pat:levelNumber='5'>S</pat:OCRConfidenceData>2011</pat:PartName>/<pat:PartNumber pat:id='PN-00012'>051300</pat:PartNumber>        TM, TN, TR, TT, TZ, UA, UG, US, UZ, VC, VN, ZA, (22) International Filing Date:                            ZM, ZW. </pat:P><pat:P pat:pNumber="2" pat:id="p-2">13 September 2011 <pat:PartName pat:idref='PN-00013'>(13.09</pat:PartName>.<pat:PartNumber pat:id='PN-00013'>2011</pat:PartNumber>) (84) Designated States (unless otherwise indicated, f<pat:PartName pat:idref='PN-00014'>or every </pat:PartName><pat:OCRConfidenceData pat:levelNumber='8'>(</pat:OCRConfidenceData><pat:PartNumber pat:id='PN-00014'><pat:OCRConfidenceData pat:levelNumber='86'>25</pat:OCRConfidenceData></pat:PartNumber><pat:OCRConfidenceData pat:levelNumber='6'>)</pat:OCRConfidenceData> Filing Language:                          English     kind of regional protection available<pat:OCRConfidenceData pat:levelNumber='5'>)</pat:OCRConfidenceData>: ARIPO (BW, GH, GM, KE, LR, LS, MW, M<pat:OCRConfidenceData pat:levelNumber='5'>Z</pat:OCRConfidenceData>, NA, SD, SL, SZ, TZ, UG, <pat:OCRConfidenceData pat:levelNumber='8866'>(26)</pat:OCRConfidenceData> Publication Language:                     English     ZM, ZW), Eurasian (AM, AZ, BY, KG, KZ, MD, RU, TJ, (30) Priority Data:                                         TM), European (AL, AT, BE, BG, CH, CY, CZ, DE, DK, <pat:PartName pat:idref='PN-00015'>61/382</pat:PartName>,<pat:PartNumber pat:id='PN-00015'>178</pat:PartNumber>  13 September 2010 <pat:PartName pat:idref='PN-00016'>(13.09</pat:PartName>.<pat:PartNumber pat:id='PN-00016'>2010</pat:PartNumber>)   US        EE, ES, F<pat:OCRConfidenceData pat:levelNumber='5'>I</pat:OCRConfidenceData>, FR, GB, GR, HR, HU, <pat:OCRConfidenceData pat:levelNumber='5'>I</pat:OCRConfidenceData>E, IS, <pat:OCRConfidenceData pat:levelNumber='5'>I</pat:OCRConfidenceData>T, LT, LU, LV, MC, MK, MT, NL, NO, PL, PT, RO, RS, SE, SI, SK, (71) Applicant (for all designated States except US<pat:OCRConfidenceData pat:levelNumber='5'>)</pat:OCRConfidenceData>: SUN-  SM, TR), <pat:OCRConfidenceData pat:levelNumber='5'>O</pat:OCRConfidenceData>API (BF, BJ, CF, CG, CI, CM, GA, GN, GQ, BEAM   PRODUCTS, INC. [US/<pat:OCRConfidenceData pat:levelNumber='5'>U</pat:OCRConfidenceData>S]; 2381 Executive          GW, ML, MR, NE, SN, TD, TG). </pat:P><pat:P pat:pNumber="3" pat:id="p-3">Center Drive, Boca Raton, <pat:PartName pat:idref='PN-00017'>FL</pat:PartName> <pat:PartNumber pat:id='PN-00017'>33431</pat:PartNumber> (US).          <pat:PartName pat:idref='PN-00018'><pat:OCRConfidenceData pat:levelNumber='666666666666'>Declarations</pat:OCRConfidenceData> <pat:OCRConfidenceData pat:levelNumber='66666'>under</pat:OCRConfidenceData> <pat:OCRConfidenceData pat:levelNumber='6666'>Rule</pat:OCRConfidenceData></pat:PartName> <pat:PartNumber pat:id='PN-00018'><pat:OCRConfidenceData pat:levelNumber='6666'>4.17</pat:OCRConfidenceData></pat:PartNumber><pat:OCRConfidenceData pat:levelNumber='6'>:</pat:OCRConfidenceData> </pat:P><pat:P pat:pNumber="4" pat:id="p-4"><pat:OCRConfidenceData pat:levelNumber='6666'>(72)</pat:OCRConfidenceData> <pat:OCRConfidenceData pat:levelNumber='66666666'>Inventor</pat:OCRConfidenceData> <pat:OCRConfidenceData pat:levelNumber='666'>and</pat:OCRConfidenceData> <pat:OCRConfidenceData pat:levelNumber='25226666'>rAppcant</pat:OCRConfidenceData> <pat:OCRConfidenceData pat:levelNumber='2266'>(for</pat:OCRConfidenceData> US onl<pat:OCRConfidenceData pat:levelNumber='5'>y</pat:OCRConfidenceData>&amp;gt<pat:OCRConfidenceData pat:levelNumber='25'>;:</pat:OCRConfidenceData> WONG<pat:OCRConfidenceData pat:levelNumber='5'>,</pat:OCRConfidenceData> Anson [US<pat:OCRConfidenceData pat:levelNumber='5'>/</pat:OCRConfidenceData>      as <pat:OCRConfidenceData pat:levelNumber='86'>to</pat:OCRConfidenceData> <pat:OCRConfidenceData pat:levelNumber='866'>app</pat:OCRConfidenceData>licant<pat:OCRConfidenceData pat:levelNumber='66'>'s</pat:OCRConfidenceData> <pat:OCRConfidenceData pat:levelNumber='8866'>enti</pat:OCRConfidenceData>tlement to apply for and b<pat:PartName pat:idref='PN-00019'>e granted </pat:PartName><pat:OCRConfidenceData pat:levelNumber='2'>(</pat:OCRConfidenceData><pat:PartNumber pat:id='PN-00019'><pat:OCRConfidenceData pat:levelNumber='22'>75</pat:OCRConfidenceData></pat:PartNumber>  <pat:OCRConfidenceData pat:levelNumber='22222288222'>Ineto/pplcn</pat:OCRConfidenceData> <pat:OCRConfidenceData pat:levelNumber='2222'>(for</pat:OCRConfidenceData>             <pat:OCRConfidenceData pat:levelNumber='1'>'</pat:OCRConfidenceData>                         a <pat:PartName pat:idref='PN-00020'>patent (Rule</pat:PartName> <pat:PartNumber pat:id='PN-00020'>4.1</pat:PartNumber> 7(ii<pat:OCRConfidenceData pat:levelNumber='11'>))</pat:OCRConfidenceData> US]; 19249 Bay Leaf Drive, Boca Raton, <pat:PartName pat:idref='PN-00021'>FL</pat:PartName> <pat:PartNumber pat:id='PN-00021'>33498</pat:PartNumber> (US). </pat:P><pat:P pat:pNumber="5" pat:id="p-5"><pat:OCRConfidenceData pat:levelNumber='6'>-</pat:OCRConfidenceData>    as to the applicant's entitlement to claim the p<pat:PartName pat:idref='PN-00022'>rior<pat:OCRConfidenceData pat:levelNumber='66'>it</pat:OCRConfidenceData>y of </pat:PartName>(<pat:PartNumber pat:id='PN-00022'>74</pat:PartNumber>) Agent: BLUM, Seth, M.; Sunbeam Products, Inc., <pat:OCRConfidenceData pat:levelNumber='6666'>2381</pat:OCRConfidenceData>   the <pat:PartName pat:idref='PN-00023'>earlier application (Rule</pat:PartName> <pat:PartNumber pat:id='PN-00023'>4.17</pat:PartNumber>(iii<pat:OCRConfidenceData pat:levelNumber='66'>))</pat:OCRConfidenceData> Executive Center Drive, Boca Raton, <pat:PartName pat:idref='PN-00024'>FL</pat:PartName> <pat:PartNumber pat:id='PN-00024'>33431</pat:PartNumber> (US). </pat:P><pat:P pat:pNumber="6" pat:id="p-6"><pat:OCRConfidenceData pat:levelNumber='6'>-</pat:OCRConfidenceData>    <pat:PartName pat:idref='PN-00025'>of inventorship (Rule</pat:PartName> <pat:PartNumber pat:id='PN-00025'>4.17</pat:PartNumber>(iv<pat:OCRConfidenceData pat:levelNumber='66'>))</pat:OCRConfidenceData> (81) Designated States (unless otherwise indicated, for every <pat:OCRConfidenceData pat:levelNumber='2'>=</pat:OCRConfidenceData>         kind of national protection available<pat:OCRConfidenceData pat:levelNumber='5'>)</pat:OCRConfidenceData>: AE, AG, AL, AM, Published: </pat:P><pat:P pat:pNumber="7" pat:id="p-7"><pat:OCRConfidenceData pat:levelNumber='86'>AO</pat:OCRConfidenceData>, AT, AU, AZ, BA, BB, BG, BH, BR, BW, BY, BZ<pat:OCRConfidenceData pat:levelNumber='6'>,</pat:OCRConfidenceData> <pat:OCRConfidenceData pat:levelNumber='6'>-</pat:OCRConfidenceData>      without international search report and to be republished CA, CH, CL, CN, C<pat:OCRConfidenceData pat:levelNumber='5'>O</pat:OCRConfidenceData>, CR, CU, CZ, DE, DK, DM, D<pat:OCRConfidenceData pat:levelNumber='5'>O</pat:OCRConfidenceData>,        <pat:PartName pat:idref='PN-00026'>upon receipt of that report (Rule</pat:PartName> <pat:PartNumber pat:id='PN-00026'>48.2</pat:PartNumber>(g<pat:OCRConfidenceData pat:levelNumber='66'>))</pat:OCRConfidenceData> DZ, EC, EE, EG, ES, F<pat:OCRConfidenceData pat:levelNumber='5'>I</pat:OCRConfidenceData>, GB, GD, GE, GH, GM, GT, (54) Title: <pat:PartName pat:idref='PN-00027'>M<pat:OCRConfidenceData pat:levelNumber='5'>U</pat:OCRConfidenceData>LTI-M<pat:OCRConfidenceData pat:levelNumber='5'>O</pat:OCRConfidenceData>DE BUTT<pat:OCRConfidenceData pat:levelNumber='5'>O</pat:OCRConfidenceData>NLESS SCALE</pat:PartName> <pat:PartNumber pat:id='PN-00027'><pat:OCRConfidenceData pat:levelNumber='2'>1</pat:OCRConfidenceData></pat:PartNumber><pat:OCRConfidenceData pat:levelNumber='2'>-</pat:OCRConfidenceData> <pat:PartName pat:idref='PN-00028'><pat:OCRConfidenceData pat:levelNumber='2'>-</pat:OCRConfidenceData></pat:PartName>(<pat:PartNumber pat:id='PN-00028'>57</pat:PartNumber>) Abstract: A digital scale includes a display and button- <pat:OCRConfidenceData pat:levelNumber='2'>=</pat:OCRConfidenceData>                                                            less top platform. Contact with the scale platform alone allows a user to power the scale, identify a user of the scale, deter- mine a mode of operation of the scale, and to establish a re- <pat:OCRConfidenceData pat:levelNumber='222'>FIG</pat:OCRConfidenceData>     <pat:OCRConfidenceData pat:levelNumber='2'>1</pat:OCRConfidenceData>                               <pat:OCRConfidenceData pat:levelNumber='2'>'</pat:OCRConfidenceData>            minder. The scale has a user mode of operation displaying a 16  reading of the user's weight. The scale has a pet mode of oper- <pat:OCRConfidenceData pat:levelNumber='2'>_</pat:OCRConfidenceData>                                                            ation displaying a reading of the weight of a pet. In the user mode of operation a second mode provides a display of the user's current weight, a delta or differential weight with the <pat:OCRConfidenceData pat:levelNumber='11'>-_</pat:OCRConfidenceData>                                                           most recent recorded weight measurement and if the <pat:PartName pat:idref='PN-00029'>data is</pat:PartName> <pat:PartNumber pat:id='PN-00029'><pat:OCRConfidenceData pat:levelNumber='2'>1</pat:OCRConfidenceData></pat:PartNumber> <pat:OCRConfidenceData pat:levelNumber='6'>2</pat:OCRConfidenceData>                                          available, additional deltas for weight measurements taken up to one year earlier. The scale also has an instant on mode of operation in which it allows for instant weight reading. </pat:P><pat:P pat:pNumber="8" pat:id="p-8"><pat:OCRConfidenceData pat:levelNumber='7'>N</pat:OCRConfidenceData> <pat:PartName pat:idref='PN-00030'><pat:OCRConfidenceData pat:levelNumber='2'>M</pat:OCRConfidenceData></pat:PartName> <pat:PartNumber pat:id='PN-00030'><pat:OCRConfidenceData pat:levelNumber='1'>0</pat:OCRConfidenceData></pat:PartNumber>                  <pat:OCRConfidenceData pat:levelNumber='22'>41</pat:OCRConfidenceData> <pat:OCRConfidenceData pat:levelNumber='2'>M</pat:OCRConfidenceData> </pat:P></pat:Specification></pat:SpecificationDocument>