<?xml version="1.0" encoding="UTF-8"?>
<pat:ClaimsDocument xmlns:pat="urn:us:gov:doc:uspto:patent" xmlns="urn:us:gov:doc:uspto:patent" xmlns:ent="urn:us:gov:doc:uspto:enterprise" xmlns:mml="http://www.w3.org/1998/Math/MathML" xmlns:tbl="http://www.oasis-open.org/tables/exchange/1.0" xmlns:xsi="http://www.w3.org/2001/XMLSchema-instance" xmlns:com="http://www.wipo.int/standards/XMLSchema/Common/1" pat:instanceFileName="13962724.11-18-2014.I2NR21PIPXXIFW3.CLM.xml" pat:id="I2NR21PIPXXIFW3" xsi:schemaLocation="urn:us:gov:doc:uspto:patent XMLSchema/V1_3/ClaimsDocument_1_1.xsd" pat:completeClaimsProvidedIndicator="false">
<pat:DocumentCode>CLM</pat:DocumentCode><pat:DocumentHeaderDetails pat:id="ID-00001">
<pat:ApplicationHeaderDetails><pat:ApplicationNumber>13962724</pat:ApplicationNumber></pat:ApplicationHeaderDetails>
<pat:PageTotalQuantity>9</pat:PageTotalQuantity>
</pat:DocumentHeaderDetails>
<pat:MailRoomDate>2014-11-18</pat:MailRoomDate>
<pat:ClaimSet pat:id="CLM-00000"><pat:ClaimList pat:id="ID-00002">
<?PageStart number="1"?>
<pat:Claim pat:id="UNKNOWN-00001">
<pat:ClaimText pat:id="ID-00003"><pat:BoundaryData><pat:HeaderText>PATENT</pat:HeaderText></pat:BoundaryData><pat:BoundaryData><pat:HeaderText>Atty. Dkt. No. KEGB/<pat:OCRConfidenceData pat:levelNumber="888">010</pat:OCRConfidenceData></pat:HeaderText></pat:BoundaryData> IN THE CLAIMS This listing of claims will replace all prior versions, and listings, of claims in the application:</pat:ClaimText><pat:ClaimTypeCategory>Dependent</pat:ClaimTypeCategory></pat:Claim>
<pat:Claim pat:id="CLM-00001"><pat:ClaimNumber>1</pat:ClaimNumber>
<pat:ClaimText pat:id="ID-00004"><pat:ClaimLabelText>1. </pat:ClaimLabelText>(Currently Amended) An apparatus for <pat:OCRConfidenceData pat:levelNumber="55558884">use-with</pat:OCRConfidenceData> a tool box and a vehicle having a hitch assembly, the apparatus comprising: </pat:ClaimText>
<pat:ClaimText pat:id="ID-00005">a frame assembly being configured to be load bearing, and also being configured to facilitate secured connection with the hitch assembly of the vehicle; </pat:ClaimText>
<pat:ClaimText pat:id="ID-00006">and a powered-actuator assembly being configured to be powered by a power source, and the powered-actuator assembly also being configured to move the frame assembly relative to the hitch assembly of the vehicle in such a way as to facilitate secured connection between the frame assembly and the hitch assembly<pat:OCRConfidenceData pat:levelNumber="5">;</pat:OCRConfidenceData> and </pat:ClaimText>
<pat:ClaimText pat:id="ID-00007">the frame assembly bein<pat:OCRConfidenceData pat:levelNumber="4">g</pat:OCRConfidenceData> configured to supportably receive and surround the tool box in such a way as to prevent lateral movement of the tool box once received by the frame assembly; </pat:ClaimText>
<pat:ClaimText pat:id="ID-00008">the frame assembly being selectively removable from the tool box; </pat:ClaimText>
<pat:ClaimText pat:id="ID-00009">the powered-actuator assembly being fixedly connected to the frame assembly; and </pat:ClaimText>
<pat:ClaimText pat:id="ID-00010">the powered-actuator assembly extending along a vertical length of the frame assembly. </pat:ClaimText>
<pat:ClaimStatusCategory>currently amended</pat:ClaimStatusCategory><pat:ClaimTypeCategory>Independent</pat:ClaimTypeCategory></pat:Claim>
<pat:Claim pat:id="CLM-00002"><pat:ClaimNumber>2</pat:ClaimNumber>
<pat:ClaimText pat:id="ID-00011"><pat:ClaimLabelText>2. </pat:ClaimLabelText>(Original) The apparatus of claim <pat:ClaimReference pat:idrefs="CLM-00001">1</pat:ClaimReference>, wherein: </pat:ClaimText>
<pat:ClaimText pat:id="ID-00012">the frame assembly is further configured to support a load once the frame assembly receives the load; and </pat:ClaimText>
<pat:ClaimText pat:id="ID-00013">the powered-actuator assembly is further configured to move the frame assembly supporting the load relative to the hitch assembly of the vehicle in such </pat:ClaimText>
<pat:ClaimText pat:id="ID-00014"><pat:BoundaryData><pat:HeaderText>1146346                     Page 3</pat:HeaderText></pat:BoundaryData>
<?PageStart number="2"?><pat:BoundaryData><pat:HeaderText>PATENT</pat:HeaderText></pat:BoundaryData> <pat:BoundaryData><pat:HeaderText>Atty. Dkt. No. KEGB<pat:OCRConfidenceData pat:levelNumber="6686">/010</pat:OCRConfidenceData></pat:HeaderText></pat:BoundaryData> a way as to facilitate secured connection between the frame assembly and the hitch assembly.</pat:ClaimText>
<pat:ClaimStatusCategory>original</pat:ClaimStatusCategory><pat:ClaimTypeCategory>Dependent</pat:ClaimTypeCategory></pat:Claim>
<pat:Claim pat:id="CLM-00003"><pat:ClaimNumber>3</pat:ClaimNumber>
<pat:ClaimText pat:id="ID-00015"><pat:ClaimLabelText>3. </pat:ClaimLabelText>(Original) The apparatus of claim <pat:ClaimReference pat:idrefs="CLM-00001">1</pat:ClaimReference>, wherein: </pat:ClaimText>
<pat:ClaimText pat:id="ID-00016">the powered-actuator assembly is further configured to move the frame assembly between a hitch-connection position and a non-hitch position. </pat:ClaimText>
<pat:ClaimStatusCategory>original</pat:ClaimStatusCategory><pat:ClaimTypeCategory>Dependent</pat:ClaimTypeCategory></pat:Claim>
<pat:Claim pat:id="CLM-00004"><pat:ClaimNumber>4</pat:ClaimNumber>
<pat:ClaimText pat:id="ID-00017"><pat:ClaimLabelText>4. </pat:ClaimLabelText>(Original) The apparatus of claim <pat:ClaimReference pat:idrefs="CLM-00003">3</pat:ClaimReference>, wherein: </pat:ClaimText>
<pat:ClaimText pat:id="ID-00018">in the hitch-connection position, the frame assembly is positioned for operative secured connection to the hitch assembly in such a way that the vehicle fully supports the frame assembly receiving the load; and </pat:ClaimText>
<pat:ClaimText pat:id="ID-00019">in the non-hitch position, the frame assembly is spaced apart from the hitch assembly in such a way that the vehicle does not support the frame assembly receiving the load. </pat:ClaimText>
<pat:ClaimStatusCategory>original</pat:ClaimStatusCategory><pat:ClaimTypeCategory>Dependent</pat:ClaimTypeCategory></pat:Claim>
<pat:Claim pat:id="CLM-00005"><pat:ClaimNumber>5</pat:ClaimNumber>
<pat:ClaimText pat:id="ID-00020"><pat:ClaimLabelText>5. </pat:ClaimLabelText>(Original) The apparatus of claim <pat:ClaimReference pat:idrefs="CLM-00001">1</pat:ClaimReference>, wherein: </pat:ClaimText>
<pat:ClaimText pat:id="ID-00021">the powered-actuator assembly is supported by and connected to the frame assembly. </pat:ClaimText>
<pat:ClaimStatusCategory>original</pat:ClaimStatusCategory><pat:ClaimTypeCategory>Dependent</pat:ClaimTypeCategory></pat:Claim>
<pat:Claim pat:id="CLM-00006"><pat:ClaimNumber>6</pat:ClaimNumber>
<pat:ClaimText pat:id="ID-00022"><pat:ClaimLabelText>6. </pat:ClaimLabelText>(Original) The apparatus of claim <pat:ClaimReference pat:idrefs="CLM-00001">1</pat:ClaimReference>, wherein: </pat:ClaimText>
<pat:ClaimText pat:id="ID-00023">the frame assembly includes: </pat:ClaimText>
<pat:ClaimText pat:id="ID-00024">a hitch-interface assembly being securely coupled to the frame assembly, and the hitch-interface assembly being configured to facilitate secured connection with the hitch assembly of the vehicle; and </pat:ClaimText>
<pat:ClaimText pat:id="ID-00025">the powered-actuator assembly is also configured to: </pat:ClaimText>
<pat:ClaimText pat:id="ID-00026">move the frame assembly supporting the load relative to the hitch assembly of the vehicle in such a way as to facilitate secured connection </pat:ClaimText>
<pat:ClaimText pat:id="ID-00027"><pat:BoundaryData><pat:HeaderText>1146346                     Page 4</pat:HeaderText></pat:BoundaryData>
<?PageStart number="3"?><pat:BoundaryData><pat:HeaderText>PATENT</pat:HeaderText></pat:BoundaryData> <pat:BoundaryData><pat:HeaderText><pat:OCRConfidenceData pat:levelNumber="85">At</pat:OCRConfidenceData>ty. Dkt. No. KEGB/<pat:OCRConfidenceData pat:levelNumber="686">010</pat:OCRConfidenceData></pat:HeaderText></pat:BoundaryData> between the hitch-interface assembly of the frame assembly and the hitch assembly.</pat:ClaimText>
<pat:ClaimStatusCategory>original</pat:ClaimStatusCategory><pat:ClaimTypeCategory>Dependent</pat:ClaimTypeCategory></pat:Claim>
<pat:Claim pat:id="CLM-00007"><pat:ClaimNumber>7</pat:ClaimNumber>
<pat:ClaimText pat:id="ID-00028"><pat:ClaimLabelText>7. </pat:ClaimLabelText>(Original) The apparatus of claim <pat:ClaimReference pat:idrefs="CLM-00006">6</pat:ClaimReference>, wherein: </pat:ClaimText>
<pat:ClaimText pat:id="ID-00029">the powered-actuator assembly is also configured to: </pat:ClaimText>
<pat:ClaimText pat:id="ID-00030">move the frame assembly supporting the load relative to the hitch assembly of the vehicle in such a way as to facilitate secured connection between the hitch-interface assembly of the frame assembly and the hitch assembly. </pat:ClaimText>
<pat:ClaimStatusCategory>original</pat:ClaimStatusCategory><pat:ClaimTypeCategory>Dependent</pat:ClaimTypeCategory></pat:Claim>
<pat:Claim pat:id="CLM-00008"><pat:ClaimNumber>8</pat:ClaimNumber>
<pat:ClaimText pat:id="ID-00031"><pat:ClaimLabelText>8. </pat:ClaimLabelText>(Original) The apparatus of claim <pat:ClaimReference pat:idrefs="CLM-00001">1</pat:ClaimReference>, wherein: </pat:ClaimText>
<pat:ClaimText pat:id="ID-00032">the frame assembly includes: </pat:ClaimText>
<pat:ClaimText pat:id="ID-00033">a load-support surface; and </pat:ClaimText>
<pat:ClaimText pat:id="ID-00034">spaced-apart columns being fixedly connected to and extending from the load-support surface, and each instance of the spaced-apart columns being configured to connect to an instance of the powered- actuator assembly. </pat:ClaimText>
<pat:ClaimStatusCategory>original</pat:ClaimStatusCategory><pat:ClaimTypeCategory>Dependent</pat:ClaimTypeCategory></pat:Claim>
<pat:Claim pat:id="CLM-00009"><pat:ClaimNumber>9</pat:ClaimNumber>
<pat:ClaimText pat:id="ID-00035"><pat:ClaimLabelText>9. </pat:ClaimLabelText>(Original) The apparatus of claim <pat:ClaimReference pat:idrefs="CLM-00008">8</pat:ClaimReference>, wherein: </pat:ClaimText>
<pat:ClaimText pat:id="ID-00036">each instance of the powered-actuator assembly has a movable shaft being configured to move in response to powered actuation of the powered- actuator assembly; and </pat:ClaimText>
<pat:ClaimText pat:id="ID-00037">each instance of the movable shaft being movable between a hitch- connection position and a non-hitch position. </pat:ClaimText>
<pat:ClaimStatusCategory>original</pat:ClaimStatusCategory><pat:ClaimTypeCategory>Dependent</pat:ClaimTypeCategory></pat:Claim>
<pat:Claim pat:id="CLM-00010"><pat:ClaimNumber>10</pat:ClaimNumber>
<pat:ClaimText pat:id="ID-00038"><pat:ClaimLabelText>10. </pat:ClaimLabelText>(Original) The apparatus of claim <pat:ClaimReference pat:idrefs="CLM-00009">9</pat:ClaimReference>, wherein: </pat:ClaimText>
<pat:ClaimText pat:id="ID-00039">each instance of the movable shaft includes: </pat:ClaimText>
<pat:ClaimText pat:id="ID-00040"> </pat:ClaimText>
<pat:ClaimText pat:id="ID-00041"><pat:BoundaryData><pat:HeaderText>1146346                     Page 5</pat:HeaderText></pat:BoundaryData>
<?PageStart number="4"?><pat:BoundaryData><pat:HeaderText>PATENT</pat:HeaderText></pat:BoundaryData> <pat:BoundaryData><pat:HeaderText>Atty. Dkt. No. KEG<pat:OCRConfidenceData pat:levelNumber="68686">B/010</pat:OCRConfidenceData></pat:HeaderText></pat:BoundaryData> a leg assembly connected to a respective instance of the movable shaft.</pat:ClaimText>
<pat:ClaimStatusCategory>original</pat:ClaimStatusCategory><pat:ClaimTypeCategory>Dependent</pat:ClaimTypeCategory></pat:Claim>
<pat:Claim pat:id="CLM-00011"><pat:ClaimNumber>11</pat:ClaimNumber>
<pat:ClaimText pat:id="ID-00042"><pat:ClaimLabelText>11. </pat:ClaimLabelText>(Original) The apparatus of claim <pat:ClaimReference pat:idrefs="CLM-00010">10</pat:ClaimReference>, wherein: </pat:ClaimText>
<pat:ClaimText pat:id="ID-00043">each instance of the movable shaft includes: </pat:ClaimText>
<pat:ClaimText pat:id="ID-00044">a wheel assembly mounted to a respective instance of the movable shaft; and </pat:ClaimText>
<pat:ClaimText pat:id="ID-00045">an instance of the leg assembly extends from a respective instance of the wheel assembly, each instance of the leg assembly is connected to a respective instance of the movable shaft. </pat:ClaimText>
<pat:ClaimStatusCategory>original</pat:ClaimStatusCategory><pat:ClaimTypeCategory>Dependent</pat:ClaimTypeCategory></pat:Claim>
<pat:Claim pat:id="CLM-00012"><pat:ClaimNumber>12</pat:ClaimNumber>
<pat:ClaimText pat:id="ID-00046"><pat:ClaimLabelText>12. </pat:ClaimLabelText>(Original) The apparatus of claim <pat:ClaimReference pat:idrefs="CLM-00011">11</pat:ClaimReference>, wherein: </pat:ClaimText>
<pat:ClaimText pat:id="ID-00047">instances of a wheel-storage device are attached to the frame assembly, and each instance of the wheel-storage device is configured to receive and store a respective instance of the wheel assembly. </pat:ClaimText>
<pat:ClaimStatusCategory>original</pat:ClaimStatusCategory><pat:ClaimTypeCategory>Dependent</pat:ClaimTypeCategory></pat:Claim>
<pat:Claim pat:id="CLM-00013"><pat:ClaimNumber>13</pat:ClaimNumber>
<pat:ClaimText pat:id="ID-00048"><pat:ClaimLabelText>13. </pat:ClaimLabelText>(Original) The apparatus of claim <pat:ClaimReference pat:idrefs="CLM-00008">8</pat:ClaimReference>, wherein: </pat:ClaimText>
<pat:ClaimText pat:id="ID-00049">the frame assembly further includes: </pat:ClaimText>
<pat:ClaimText pat:id="ID-00050">a first frame section; </pat:ClaimText>
<pat:ClaimText pat:id="ID-00051">a second frame section spaced apart from the first frame section; </pat:ClaimText>
<pat:ClaimText pat:id="ID-00052">and the spaced-apart columns extend between the first frame section and the second frame section. </pat:ClaimText>
<pat:ClaimStatusCategory>original</pat:ClaimStatusCategory><pat:ClaimTypeCategory>Dependent</pat:ClaimTypeCategory></pat:Claim>
<pat:Claim pat:id="CLM-00014"><pat:ClaimNumber>14</pat:ClaimNumber>
<pat:ClaimText pat:id="ID-00053"><pat:ClaimLabelText>14. </pat:ClaimLabelText>(Original) The apparatus of claim <pat:ClaimReference pat:idrefs="CLM-00013">13</pat:ClaimReference>, wherein: </pat:ClaimText>
<pat:ClaimText pat:id="ID-00054">the first frame section is positioned above the second frame section; </pat:ClaimText>
<pat:ClaimText pat:id="ID-00055"> </pat:ClaimText>
<pat:ClaimText pat:id="ID-00056"><pat:BoundaryData><pat:HeaderText>1146346                     Page 6</pat:HeaderText></pat:BoundaryData>
<?PageStart number="5"?><pat:BoundaryData><pat:HeaderText>PATENT</pat:HeaderText></pat:BoundaryData> <pat:BoundaryData><pat:HeaderText>Atty. Dkt. No. KEG<pat:OCRConfidenceData pat:levelNumber="68686">B/010</pat:OCRConfidenceData></pat:HeaderText></pat:BoundaryData> the second frame section is positioned closer to the ground relative to the first frame section; and </pat:ClaimText>
<pat:ClaimText pat:id="ID-00057">the second frame section includes the load-support surface. </pat:ClaimText>
<pat:ClaimStatusCategory>original</pat:ClaimStatusCategory><pat:ClaimTypeCategory>Dependent</pat:ClaimTypeCategory></pat:Claim>
<pat:Claim pat:id="CLM-00015"><pat:ClaimNumber>15</pat:ClaimNumber>
<pat:ClaimText pat:id="ID-00058"><pat:ClaimLabelText>15. </pat:ClaimLabelText>(Original) The apparatus of claim <pat:ClaimReference pat:idrefs="CLM-00006">6</pat:ClaimReference>, wherein: </pat:ClaimText>
<pat:ClaimText pat:id="ID-00059">the hitch-interface assembly includes: </pat:ClaimText>
<pat:ClaimText pat:id="ID-00060">a plate assembly extending from the frame assembly; </pat:ClaimText>
<pat:ClaimText pat:id="ID-00061">a hitch-bar receiver attached to the plate assembly. </pat:ClaimText>
<pat:ClaimStatusCategory>original</pat:ClaimStatusCategory><pat:ClaimTypeCategory>Dependent</pat:ClaimTypeCategory></pat:Claim>
<pat:Claim pat:id="CLM-00016"><pat:ClaimNumber>16</pat:ClaimNumber>
<pat:ClaimText pat:id="ID-00062"><pat:ClaimLabelText>16. </pat:ClaimLabelText>(Original) The apparatus of claim <pat:ClaimReference pat:idrefs="CLM-00015">15</pat:ClaimReference>, wherein: </pat:ClaimText>
<pat:ClaimText pat:id="ID-00063">the hitch-interface assembly further includes: </pat:ClaimText>
<pat:ClaimText pat:id="ID-00064">a hitch-extender assembly being configured to be received by the hitch-bar receiver, and the hitch-extender assembly being configured for secured connection to the hitch assembly of the vehicle. </pat:ClaimText>
<pat:ClaimStatusCategory>original</pat:ClaimStatusCategory><pat:ClaimTypeCategory>Dependent</pat:ClaimTypeCategory></pat:Claim>
<pat:Claim pat:id="CLM-00017"><pat:ClaimNumber>17</pat:ClaimNumber>
<pat:ClaimText pat:id="ID-00065"><pat:ClaimLabelText>17. </pat:ClaimLabelText>(Original) The apparatus of claim <pat:ClaimReference pat:idrefs="CLM-00016">16</pat:ClaimReference>, wherein: </pat:ClaimText>
<pat:ClaimText pat:id="ID-00066">the hitch-interface assembly further includes: </pat:ClaimText>
<pat:ClaimText pat:id="ID-00067">a storage pin extending from the frame assembly, and the storage pin configured to be received in a corresponding hole defined by the hitch- extender assembly in such a way that the hitch-extender assembly is securely received in a storage position relative to the frame assembly. </pat:ClaimText>
<pat:ClaimStatusCategory>original</pat:ClaimStatusCategory><pat:ClaimTypeCategory>Dependent</pat:ClaimTypeCategory></pat:Claim>
<pat:Claim pat:id="CLM-00018"><pat:ClaimNumber>18</pat:ClaimNumber>
<pat:ClaimText pat:id="ID-00068"><pat:ClaimLabelText>18. </pat:ClaimLabelText>(Currently Amended) The apparatus of claim <pat:ClaimReference pat:idrefs="CLM-00001">1</pat:ClaimReference>, wherein: </pat:ClaimText>
<pat:ClaimText pat:id="ID-00069">the powered-actuator assembly includes: </pat:ClaimText>
<pat:ClaimText pat:id="ID-00070">an electric connector; </pat:ClaimText>
<pat:ClaimText pat:id="ID-00071">a switch assembly being connected to <pat:OCRConfidenceData pat:levelNumber="5">a</pat:OCRConfidenceData> [[the]] power cord; and </pat:ClaimText>
<pat:ClaimText pat:id="ID-00072"> </pat:ClaimText>
<pat:ClaimText pat:id="ID-00073"><pat:BoundaryData><pat:HeaderText>1146346                      Page 7</pat:HeaderText></pat:BoundaryData>
<?PageStart number="6"?><pat:BoundaryData><pat:HeaderText>PATENT</pat:HeaderText></pat:BoundaryData> <pat:BoundaryData><pat:HeaderText>Atty. Dkt. No. KEGB<pat:OCRConfidenceData pat:levelNumber="6666">/010</pat:OCRConfidenceData></pat:HeaderText></pat:BoundaryData> each instance of the powered-actuator assembly includes: </pat:ClaimText>
<pat:ClaimText pat:id="ID-00074">an electric actuator connected to the switch assembly. </pat:ClaimText>
<pat:ClaimStatusCategory>currently amended</pat:ClaimStatusCategory><pat:ClaimTypeCategory>Dependent</pat:ClaimTypeCategory></pat:Claim>
<pat:Claim pat:id="CLM-00019"><pat:ClaimNumber>19</pat:ClaimNumber>
<pat:ClaimText pat:id="ID-00075"><pat:ClaimLabelText>19. </pat:ClaimLabelText>(Original) The apparatus of claim <pat:ClaimReference pat:idrefs="CLM-00018">18</pat:ClaimReference>, wherein: </pat:ClaimText>
<pat:ClaimText pat:id="ID-00076">the powered-actuator assembly further includes: </pat:ClaimText>
<pat:ClaimText pat:id="ID-00077">a mechanical connector fixedly connecting an instance of the electric actuator to a respective instance of the spaced-apart columns. </pat:ClaimText>
<pat:ClaimStatusCategory>original</pat:ClaimStatusCategory><pat:ClaimTypeCategory>Dependent</pat:ClaimTypeCategory></pat:Claim>
<pat:Claim pat:id="CLM-00020"><pat:ClaimNumber>20</pat:ClaimNumber>
<pat:ClaimText pat:id="ID-00078"><pat:ClaimLabelText>20. </pat:ClaimLabelText>(Original) The apparatus of claim <pat:ClaimReference pat:idrefs="CLM-00001">1</pat:ClaimReference>, wherein: </pat:ClaimText>
<pat:ClaimText pat:id="ID-00079">the frame assembly includes: </pat:ClaimText>
<pat:ClaimText pat:id="ID-00080">a light assembly being configured to provide light once actuated to do just so. </pat:ClaimText>
<pat:ClaimStatusCategory>original</pat:ClaimStatusCategory><pat:ClaimTypeCategory>Dependent</pat:ClaimTypeCategory></pat:Claim>
<pat:Claim pat:id="CLM-00021"><pat:ClaimNumber>21</pat:ClaimNumber>
<pat:ClaimText pat:id="ID-00081"><pat:ClaimLabelText>21. </pat:ClaimLabelText>(Currently Amended<pat:OCRConfidenceData pat:levelNumber="5">)</pat:OCRConfidenceData> An apparatus for use with a tool box, comprising: </pat:ClaimText>
<pat:ClaimText pat:id="ID-00082">a vehicle having a hitch assembly; </pat:ClaimText>
<pat:ClaimText pat:id="ID-00083">a frame assembly configured to be load bearing, and also configured to facilitate secured connection with the hitch assembly of the vehicle; and </pat:ClaimText>
<pat:ClaimText pat:id="ID-00084">a powered-actuator assembly being configured to be powered by a power source, and the powered-actuator assembly also being configured to move the frame assembly relative to the hitch assembly of the vehicle in such a way as to facilitate secured connection between the frame assembly and the hitch assembly<pat:OCRConfidenceData pat:levelNumber="4">;</pat:OCRConfidenceData> </pat:ClaimText>
<pat:ClaimText pat:id="ID-00085">the frame assembly bein<pat:OCRConfidenceData pat:levelNumber="4">q</pat:OCRConfidenceData> confi<pat:OCRConfidenceData pat:levelNumber="5">g</pat:OCRConfidenceData>ured to sup<pat:OCRConfidenceData pat:levelNumber="5">p</pat:OCRConfidenceData>ortably receive and surround the tool box in such a wa<pat:OCRConfidenceData pat:levelNumber="6">y</pat:OCRConfidenceData> as to prevent lateral movement of the tool box once received by the frame assembly<pat:OCRConfidenceData pat:levelNumber="5">;</pat:OCRConfidenceData> </pat:ClaimText>
<pat:ClaimText pat:id="ID-00086">the frame assemb<pat:OCRConfidenceData pat:levelNumber="5">l</pat:OCRConfidenceData>y bein<pat:OCRConfidenceData pat:levelNumber="5">g</pat:OCRConfidenceData> selectively removable from the tool box; </pat:ClaimText>
<pat:ClaimText pat:id="ID-00087"> </pat:ClaimText>
<pat:ClaimText pat:id="ID-00088"><pat:BoundaryData><pat:HeaderText>1146346                      Page 8</pat:HeaderText></pat:BoundaryData>
<?PageStart number="7"?><pat:BoundaryData><pat:HeaderText>PATENT</pat:HeaderText></pat:BoundaryData> <pat:BoundaryData><pat:HeaderText>Atty. Dkt. No. KEG<pat:OCRConfidenceData pat:levelNumber="68686">B/010</pat:OCRConfidenceData></pat:HeaderText></pat:BoundaryData> the powered-actuator assembly bein<pat:OCRConfidenceData pat:levelNumber="2">g</pat:OCRConfidenceData> fixedly connected to the frame assembly; and </pat:ClaimText>
<pat:ClaimText pat:id="ID-00089">the powered-actuator assembly extendin<pat:OCRConfidenceData pat:levelNumber="5">g</pat:OCRConfidenceData> alon<pat:OCRConfidenceData pat:levelNumber="4">g</pat:OCRConfidenceData> a vertical length of the frame assembly. </pat:ClaimText>
<pat:ClaimStatusCategory>currently amended</pat:ClaimStatusCategory><pat:ClaimTypeCategory>Independent</pat:ClaimTypeCategory></pat:Claim>
<pat:Claim pat:id="CLM-00022"><pat:ClaimNumber>22</pat:ClaimNumber>
<pat:ClaimText pat:id="ID-00090"><pat:ClaimLabelText>22. </pat:ClaimLabelText>(Canceled)</pat:ClaimText>
<pat:ClaimStatusCategory>canceled</pat:ClaimStatusCategory><pat:ClaimTypeCategory>Independent</pat:ClaimTypeCategory></pat:Claim>
<pat:Claim pat:id="CLM-00023"><pat:ClaimNumber>23</pat:ClaimNumber>
<pat:ClaimText pat:id="ID-00091"><pat:ClaimLabelText>23. </pat:ClaimLabelText>(New) An apparatus for a tool box and a vehicle having a hitch assembly, the apparatus comprising: </pat:ClaimText>
<pat:ClaimText pat:id="ID-00092">a frame assembly being configured to be load bearing, and also being configured to facilitate secured connection with the hitch assembly of the vehicle; </pat:ClaimText>
<pat:ClaimText pat:id="ID-00093">and a powered-actuator assembly being configured to be powered by a power source, and the powered-actuator assembly also being configured to move the frame assembly relative to the hitch assembly of the vehicle in such a way as to facilitate secured connection between the frame assembly and the hitch assembly; </pat:ClaimText>
<pat:ClaimText pat:id="ID-00094">the frame assembly being configured to supportably receive and surround the tool box in such a way as to prevent lateral movement of the tool box once received by the frame assembly; </pat:ClaimText>
<pat:ClaimText pat:id="ID-00095">the frame assembly being selectively removable from the tool box; </pat:ClaimText>
<pat:ClaimText pat:id="ID-00096">the powered-actuator assembly being fixedly connected to the frame assembly; and </pat:ClaimText>
<pat:ClaimText pat:id="ID-00097">the powered-actuator assembly extending along a vertical length of the frame assembly; and </pat:ClaimText>
<pat:ClaimText pat:id="ID-00098">wherein the frame assembly includes: </pat:ClaimText>
<pat:ClaimText pat:id="ID-00099">a load-support surface; and </pat:ClaimText>
<pat:ClaimText pat:id="ID-00100"> </pat:ClaimText>
<pat:ClaimText pat:id="ID-00101"><pat:BoundaryData><pat:HeaderText>1146346                     Page 9</pat:HeaderText></pat:BoundaryData>
<?PageStart number="8"?><pat:BoundaryData><pat:HeaderText>PATENT</pat:HeaderText></pat:BoundaryData> <pat:BoundaryData><pat:HeaderText><pat:OCRConfidenceData pat:levelNumber="855">Att</pat:OCRConfidenceData>y. Dkt. No. KE<pat:OCRConfidenceData pat:levelNumber="686666">GB/010</pat:OCRConfidenceData></pat:HeaderText></pat:BoundaryData> spaced-apart columns are fixedly connected to and extending from the load-support surface, and each instance of the spaced-apart columns is configured to connect to an instance of the powered- actuator assembly; </pat:ClaimText>
<pat:ClaimText pat:id="ID-00102">each instance of the powered-actuator assembly has a movable shaft configured to move in response to powered actuation of the powered-actuator assembly; </pat:ClaimText>
<pat:ClaimText pat:id="ID-00103">each instance of the movable shaft is movable between a hitch-connection position and a non-hitch position; </pat:ClaimText>
<pat:ClaimText pat:id="ID-00104">each instance of the movable shaft includes a leg assembly connected to a respective instance of the movable shaft; </pat:ClaimText>
<pat:ClaimText pat:id="ID-00105">each instance of the movable shaft includes: </pat:ClaimText>
<pat:ClaimText pat:id="ID-00106">a wheel assembly mounted to a respective instance of the movable shaft; and </pat:ClaimText>
<pat:ClaimText pat:id="ID-00107">an instance of the leg assembly extends from a respective instance of the wheel assembly, each instance of the leg assembly is connected to a respective instance of the movable shaft; and </pat:ClaimText>
<pat:ClaimText pat:id="ID-00108">wherein the powered-actuator assembly includes: </pat:ClaimText>
<pat:ClaimText pat:id="ID-00109">an electric connector; </pat:ClaimText>
<pat:ClaimText pat:id="ID-00110">a switch assembly is connected to a power cord; and </pat:ClaimText>
<pat:ClaimText pat:id="ID-00111">each instance of the powered-actuator assembly includes an electric actuator connected to the switch assembly; and </pat:ClaimText>
<pat:ClaimText pat:id="ID-00112">in the hitch-connection position, the frame assembly is positioned for operative secured connection to the hitch assembly in such a way that the vehicle fully supports the frame assembly receiving the load; </pat:ClaimText>
<pat:ClaimText pat:id="ID-00113">in the non-hitch position, the frame assembly is spaced apart from the hitch assembly in such a way that the vehicle does not support the frame assembly receiving the load; and </pat:ClaimText>
<pat:ClaimText pat:id="ID-00114"> </pat:ClaimText>
<pat:ClaimText pat:id="ID-00115"><pat:BoundaryData><pat:HeaderText>1146346                     Page 10</pat:HeaderText></pat:BoundaryData>
<?PageStart number="9"?><pat:BoundaryData><pat:HeaderText>PATENT</pat:HeaderText></pat:BoundaryData> <pat:BoundaryData><pat:HeaderText><pat:OCRConfidenceData pat:levelNumber="866">Att</pat:OCRConfidenceData>y. Dkt. No. KEGB/<pat:OCRConfidenceData pat:levelNumber="686">010</pat:OCRConfidenceData></pat:HeaderText></pat:BoundaryData> the powered-actuator assembly is configured to adjust height of instances of the wheel assembly between an up p<pat:OCRConfidenceData pat:levelNumber="5">o</pat:OCRConfidenceData>sition and a down position relative to the ground while remaining securely attached to the frame assembly.</pat:ClaimText>
<pat:ClaimText pat:id="ID-00116"><pat:BoundaryData><pat:HeaderText>114634<pat:OCRConfidenceData pat:levelNumber="5">6</pat:OCRConfidenceData>                     Page 11</pat:HeaderText></pat:BoundaryData> </pat:ClaimText>
<pat:ClaimStatusCategory>new</pat:ClaimStatusCategory><pat:ClaimTypeCategory>Independent</pat:ClaimTypeCategory></pat:Claim>
</pat:ClaimList></pat:ClaimSet></pat:ClaimsDocument>
