<?xml version="1.0" encoding="UTF-8"?>
<pat:SpecificationDocument xmlns:pat="urn:us:gov:doc:uspto:patent" xmlns="urn:us:gov:doc:uspto:patent" xmlns:ent="urn:us:gov:doc:uspto:enterprise" xmlns:mml="http://www.w3.org/1998/Math/MathML" xmlns:tbl="http://www.oasis-open.org/tables/exchange/1.0" xmlns:xsi="http://www.w3.org/2001/XMLSchema-instance" xmlns:com="http://www.wipo.int/standards/XMLSchema/Common/1" pat:instanceFileName="13694401.07-29-2014.HYHJN3UIPXXIFW4.SPEC.xml" pat:id="HYHJN3UIPXXIFW4" xsi:schemaLocation="urn:us:gov:doc:uspto:patent XMLSchema/V1_3/SpecificationDocument_1_0.xsd">
<pat:DocumentCode>SPEC</pat:DocumentCode><pat:DocumentHeaderDetails pat:id="ID-00001">
<pat:ApplicationHeaderDetails><pat:ApplicationNumber>13694401</pat:ApplicationNumber></pat:ApplicationHeaderDetails>
<pat:PageTotalQuantity>1</pat:PageTotalQuantity>
<pat:ParagraphTotalQuantity>3</pat:ParagraphTotalQuantity>
</pat:DocumentHeaderDetails>
<pat:MailRoomDate>2014-07-29</pat:MailRoomDate>
<pat:Specification pat:id="Specification">
<?PageStart number="1"?>
<pat:BoundaryData><pat:HeaderText>07/29/2<pat:OCRConfidenceData pat:levelNumber="5">0</pat:OCRConfidenceData>14   12:24    5406538<pat:OCRConfidenceData pat:levelNumber="5">8</pat:OCRConfidenceData>79                  NSWCDD LEGAL OFFICE               PAGE  06/11</pat:HeaderText></pat:BoundaryData>
<pat:P pat:id="p-1" pat:pNumber="1">Applicants : Brian S. Dillon et a<pat:OCRConfidenceData pat:levelNumber="66">l.</pat:OCRConfidenceData>     Attorney Docket No.: Navy Case 101417 <pat:OCRConfidenceData pat:levelNumber="86">Se</pat:OCRConfidenceData>rial No.  13/694,401 Filed   <pat:OCRConfidenceData pat:levelNumber="6">:</pat:OCRConfidenceData> November <pat:OCRConfidenceData pat:levelNumber="88">7,</pat:OCRConfidenceData> <pat:OCRConfidenceData pat:levelNumber="8868">2012</pat:OCRConfidenceData> <pat:PartName pat:idref="PN-00001">Page     <pat:OCRConfidenceData pat:levelNumber="6">:</pat:OCRConfidenceData> </pat:PartName><pat:PartNumber pat:id="PN-00001"><pat:OCRConfidenceData pat:levelNumber="8">2</pat:OCRConfidenceData></pat:PartNumber> <pat:PartName pat:idref="PN-00002"><pat:OCRConfidenceData pat:levelNumber="88">of</pat:OCRConfidenceData> </pat:PartName><pat:PartNumber pat:id="PN-00002"><pat:OCRConfidenceData pat:levelNumber="8">7</pat:OCRConfidenceData></pat:PartNumber> Amendments to the S<pat:OCRConfidenceData pat:levelNumber="5">p</pat:OCRConfidenceData>eci<pat:OCRConfidenceData pat:levelNumber="5">f</pat:OCRConfidenceData>ication:</pat:P>
<pat:P pat:id="p-2" pat:pNumber="2">Please replace paragraph <pat:OCRConfidenceData pat:levelNumber="5">[</pat:OCRConfidenceData>0030<pat:OCRConfidenceData pat:levelNumber="5">]</pat:OCRConfidenceData> and preceding header with the following rewritten paragraph, including the header:</pat:P>
<pat:P pat:id="p-3" pat:pNumber="3"><pat:OCRConfidenceData pat:levelNumber="866866">[0030]</pat:OCRConfidenceData>     In accordance with a presently preferred embodiment of the present invention, the components, process steps, and/or data structures may be implemented using various types of operating systems, computing p<pat:OCRConfidenceData pat:levelNumber="5">l</pat:OCRConfidenceData>atforms, computer programs, and/or general purpose machines. In addition, those of ordinary skill in the art will readily recognize that devices of a less general purpose nature, such as hardwired devices, or the like, may also be used without departing from the scope and spirit of the inventive concepts disclosed herewith. General purpose machines include devices that execute instruction code. A hardwired device may constitute an application specific integrated circuit (ASIC) or a <pat:OCRConfidenceData pat:levelNumber="258588488">fleating-</pat:OCRConfidenceData> <pat:OCRConfidenceData pat:levelNumber="548566">peint-</pat:OCRConfidenceData>field <pat:OCRConfidenceData pat:levelNumber="2681">prog</pat:OCRConfidenceData>rammable <pat:OCRConfidenceData pat:levelNumber="28">sa</pat:OCRConfidenceData>te array (FPGA) or other related component..</pat:P>
<pat:BoundaryData><pat:HeaderText>PAGE 6<pat:OCRConfidenceData pat:levelNumber="886">111</pat:OCRConfidenceData> RCVD AT 7<pat:OCRConfidenceData pat:levelNumber="5882">1291</pat:OCRConfidenceData>2014 2:00:23 PM <pat:OCRConfidenceData pat:levelNumber="66">[E</pat:OCRConfidenceData>aste<pat:OCRConfidenceData pat:levelNumber="5">m</pat:OCRConfidenceData> Daylight Time<pat:OCRConfidenceData pat:levelNumber="5">]</pat:OCRConfidenceData> <pat:OCRConfidenceData pat:levelNumber="88661">SVR:W</pat:OCRConfidenceData>PTOFA<pat:OCRConfidenceData pat:levelNumber="5228844">X-OO2/1</pat:OCRConfidenceData> <pat:OCRConfidenceData pat:levelNumber="668">DNI</pat:OCRConfidenceData>S:2<pat:OCRConfidenceData pat:levelNumber="5">7</pat:OCRConfidenceData>38300<pat:OCRConfidenceData pat:levelNumber="2">*</pat:OCRConfidenceData> CSID:54065388<pat:OCRConfidenceData pat:levelNumber="585">79'</pat:OCRConfidenceData>DURAT<pat:OCRConfidenceData pat:levelNumber="668">ION</pat:OCRConfidenceData> (mm<pat:OCRConfidenceData pat:levelNumber="5">.</pat:OCRConfidenceData>ss):03<pat:OCRConfidenceData pat:levelNumber="658">.02</pat:OCRConfidenceData></pat:HeaderText></pat:BoundaryData>
</pat:Specification></pat:SpecificationDocument>
