<?xml version="1.0" encoding="utf-8"?><pat:ClaimsDocument xmlns:xsi="http://www.w3.org/2001/XMLSchema-instance" xmlns:mml="http://www.w3.org/1998/Math/MathML" xmlns:pat="urn:us:gov:doc:uspto:patent" xmlns:ent="urn:us:gov:doc:uspto:enterprise" xmlns="urn:us:gov:doc:uspto:patent" xmlns:tbl="http://www.oasis-open.org/tables/exchange/1.0" xmlns:com="http://www.wipo.int/standards/XMLSchema/Common/1" xsi:schemaLocation="urn:us:gov:doc:uspto:patent XML_SCHEMAS/V1_3/ClaimsDocument_1_1.xsd" pat:instanceFileName="14522151.10-23-2014.I1MKPKCGPXXIFW3.CLM.XML" pat:id="I1MKPKCGPXXIFW3" pat:completeClaimsProvidedIndicator="true"><pat:DocumentCode>CLM</pat:DocumentCode><pat:DocumentHeaderDetails pat:id="ID-00001"><pat:ApplicationHeaderDetails><pat:ApplicationNumber>14522151</pat:ApplicationNumber></pat:ApplicationHeaderDetails><pat:PageTotalQuantity>3</pat:PageTotalQuantity></pat:DocumentHeaderDetails><pat:MailRoomDate>2014-10-23</pat:MailRoomDate><pat:DocumentCreateDateText>2014-10-28</pat:DocumentCreateDateText><pat:DocumentTitle>CLAIM DOCUMENT</pat:DocumentTitle><pat:ClaimTotalQuantity>9</pat:ClaimTotalQuantity><pat:ClaimSet pat:id="CLM-00000"><pat:ClaimList pat:id="ID-00002"><?PageStart number='1'?><pat:BoundaryData><pat:HeaderText>AMENDMENTS TO THE CLAIMS</pat:HeaderText></pat:BoundaryData><pat:BoundaryData><pat:HeaderText>What is claimed is:</pat:HeaderText></pat:BoundaryData><pat:Claim pat:id="UNKNOWN-00001"><pat:ClaimNumber /><pat:ClaimText pat:id="ID-00003">1-16. (Canceled) </pat:ClaimText></pat:Claim><pat:Claim pat:id="ID-00004"><pat:ClaimNumber>1</pat:ClaimNumber><pat:ClaimStatusCategory>canceled</pat:ClaimStatusCategory></pat:Claim><pat:Claim pat:id="ID-00005" pat:implicitIndicator="1"><pat:ClaimNumber>2</pat:ClaimNumber><pat:ClaimStatusCategory>canceled</pat:ClaimStatusCategory></pat:Claim><pat:Claim pat:id="ID-00006" pat:implicitIndicator="1"><pat:ClaimNumber>3</pat:ClaimNumber><pat:ClaimStatusCategory>canceled</pat:ClaimStatusCategory></pat:Claim><pat:Claim pat:id="ID-00007" pat:implicitIndicator="1"><pat:ClaimNumber>4</pat:ClaimNumber><pat:ClaimStatusCategory>canceled</pat:ClaimStatusCategory></pat:Claim><pat:Claim pat:id="ID-00008" pat:implicitIndicator="1"><pat:ClaimNumber>5</pat:ClaimNumber><pat:ClaimStatusCategory>canceled</pat:ClaimStatusCategory></pat:Claim><pat:Claim pat:id="ID-00009" pat:implicitIndicator="1"><pat:ClaimNumber>6</pat:ClaimNumber><pat:ClaimStatusCategory>canceled</pat:ClaimStatusCategory></pat:Claim><pat:Claim pat:id="ID-00010" pat:implicitIndicator="1"><pat:ClaimNumber>7</pat:ClaimNumber><pat:ClaimStatusCategory>canceled</pat:ClaimStatusCategory></pat:Claim><pat:Claim pat:id="ID-00011" pat:implicitIndicator="1"><pat:ClaimNumber>8</pat:ClaimNumber><pat:ClaimStatusCategory>canceled</pat:ClaimStatusCategory></pat:Claim><pat:Claim pat:id="ID-00012" pat:implicitIndicator="1"><pat:ClaimNumber>9</pat:ClaimNumber><pat:ClaimStatusCategory>canceled</pat:ClaimStatusCategory></pat:Claim><pat:Claim pat:id="ID-00013" pat:implicitIndicator="1"><pat:ClaimNumber>10</pat:ClaimNumber><pat:ClaimStatusCategory>canceled</pat:ClaimStatusCategory></pat:Claim><pat:Claim pat:id="ID-00014" pat:implicitIndicator="1"><pat:ClaimNumber>11</pat:ClaimNumber><pat:ClaimStatusCategory>canceled</pat:ClaimStatusCategory></pat:Claim><pat:Claim pat:id="ID-00015" pat:implicitIndicator="1"><pat:ClaimNumber>12</pat:ClaimNumber><pat:ClaimStatusCategory>canceled</pat:ClaimStatusCategory></pat:Claim><pat:Claim pat:id="ID-00016" pat:implicitIndicator="1"><pat:ClaimNumber>13</pat:ClaimNumber><pat:ClaimStatusCategory>canceled</pat:ClaimStatusCategory></pat:Claim><pat:Claim pat:id="ID-00017" pat:implicitIndicator="1"><pat:ClaimNumber>14</pat:ClaimNumber><pat:ClaimStatusCategory>canceled</pat:ClaimStatusCategory></pat:Claim><pat:Claim pat:id="ID-00018" pat:implicitIndicator="1"><pat:ClaimNumber>15</pat:ClaimNumber><pat:ClaimStatusCategory>canceled</pat:ClaimStatusCategory></pat:Claim><pat:Claim pat:id="ID-00019"><pat:ClaimNumber>16</pat:ClaimNumber><pat:ClaimStatusCategory>canceled</pat:ClaimStatusCategory></pat:Claim><pat:Claim pat:id="CLM-00017"><pat:ClaimNumber>17</pat:ClaimNumber><pat:ClaimText pat:id="ID-00020"><pat:ClaimLabelText>17. </pat:ClaimLabelText>  (Original) A method, comprising: </pat:ClaimText><pat:ClaimText pat:id="ID-00021">detecting, by a processor executable key update module, a stimulus for updating, on a voice communication device, speed dial key set associations with telephone numbers; </pat:ClaimText><pat:ClaimText pat:id="ID-00022">identifying, by the processor executable key update module, a first telephone number that, over a selected period, has been used at least a determined number of times and a second telephone number that, over the selected period, has not been used at least the determined number of times, wherein the first telephone number is not currently associated with a speed dial key set and the second telephone number is currently associated with the speed dial key set; </pat:ClaimText><pat:ClaimText pat:id="ID-00023">disassociating, by the processor executable key update module, the second telephone number with the speed dial key set; and </pat:ClaimText><pat:ClaimText pat:id="ID-00024">associating, by the processor executable key update module, the first telephone number with the speed dial key set. </pat:ClaimText><pat:ClaimStatusCategory>original</pat:ClaimStatusCategory><pat:ClaimTypeCategory>Independent</pat:ClaimTypeCategory></pat:Claim><pat:Claim pat:id="CLM-00018"><pat:ClaimNumber>18</pat:ClaimNumber><pat:ClaimText pat:id="ID-00025"><pat:ClaimLabelText>18. </pat:ClaimLabelText>  (Original) The method of<pat:ClaimReference pat:idrefs='CLM-00017'> claim 17, </pat:ClaimReference>wherein the stimulus is at least one of expiration of a specified time period, realization of at least a threshold calling frequency to a currently unassociated telephone number, and realization of less than a threshold calling frequency to a currently associated telephone number. </pat:ClaimText><pat:ClaimStatusCategory>original</pat:ClaimStatusCategory><pat:ClaimTypeCategory>Dependent</pat:ClaimTypeCategory></pat:Claim><pat:Claim pat:id="CLM-00019"><pat:ClaimNumber>19</pat:ClaimNumber><pat:ClaimText pat:id="ID-00026"><pat:ClaimLabelText>19. </pat:ClaimLabelText>  (Original) The method of<pat:ClaimReference pat:idrefs='CLM-00017'> claim 17, </pat:ClaimReference>wherein the determinations that the first telephone number has been used at least a determined number of times and the second telephone number has not been used at least the determined number of times are based on call logs and </pat:ClaimText><pat:ClaimText pat:id="ID-00027">further comprising: </pat:ClaimText><pat:ClaimText pat:id="ID-00028">after the identifying step and before the disassociating and associating steps, requesting user approval to perform the disassociating and associating steps. </pat:ClaimText><pat:ClaimStatusCategory>original</pat:ClaimStatusCategory><pat:ClaimTypeCategory>Dependent</pat:ClaimTypeCategory></pat:Claim><pat:Claim pat:id="CLM-00020"><pat:ClaimNumber>20</pat:ClaimNumber><pat:ClaimText pat:id="ID-00029"><pat:ClaimLabelText>20. </pat:ClaimLabelText>  (Currently Amended) A non-transient and tangible computer readable medium comprising <pat:OCRConfidenceData pat:levelNumber='555255552'>processor</pat:OCRConfidenceData> <pat:OCRConfidenceData pat:levelNumber='121256626'>exectable</pat:OCRConfidenceData> <pat:OCRConfidenceData pat:levelNumber='55551155516'>instfctions</pat:OCRConfidenceData> <pat:OCRConfidenceData pat:levelNumber='66'>to</pat:OCRConfidenceData> <pat:OCRConfidenceData pat:levelNumber='6625226'>perform</pat:OCRConfidenceData> <pat:OCRConfidenceData pat:levelNumber='666'>the</pat:OCRConfidenceData> <pat:OCRConfidenceData pat:levelNumber='66166'>steps</pat:OCRConfidenceData> <pat:OCRConfidenceData pat:levelNumber='66'>of</pat:OCRConfidenceData> <pat:OCRConfidenceData pat:levelNumber='266'>cla</pat:OCRConfidenceData> processor executable key <pat:OCRConfidenceData pat:levelNumber='66'>up</pat:OCRConfidenceData>date module instructions to detect a stimulus for updating<pat:OCRConfidenceData pat:levelNumber='5'>,</pat:OCRConfidenceData> on a voice communication device, speed dial key set associations with telephone numbers<pat:OCRConfidenceData pat:levelNumber='5'>;</pat:OCRConfidenceData> </pat:ClaimText><pat:ClaimText pat:id="ID-00030">processor executable key <pat:OCRConfidenceData pat:levelNumber='66'>up</pat:OCRConfidenceData>date module instructions to identify a first telephone number that, over a selected period, has been used at least a determined number of times and a second <pat:BoundaryData><pat:HeaderText><pat:OCRConfidenceData pat:levelNumber='8'>3</pat:OCRConfidenceData></pat:HeaderText></pat:BoundaryData> <?PageStart number='2'?> telephone number that, over the selected period, has not been used at least the determined number of times, wherein the first telephone number is not currently associated with a speed dial key set and the second telephone number is currently associated with the speed dial key set<pat:OCRConfidenceData pat:levelNumber='5'>;</pat:OCRConfidenceData> </pat:ClaimText><pat:ClaimText pat:id="ID-00031">processor executable key update module instructions to disassociate the second telephone number with the speed dial key set<pat:OCRConfidenceData pat:levelNumber='5'>;</pat:OCRConfidenceData> and </pat:ClaimText><pat:ClaimText pat:id="ID-00032">processor executable key update module instructions to associate the first telephone number with the speed dial key set. </pat:ClaimText><pat:ClaimStatusCategory>currently amended</pat:ClaimStatusCategory><pat:ClaimTypeCategory>Independent</pat:ClaimTypeCategory></pat:Claim><pat:Claim pat:id="CLM-00021"><pat:ClaimNumber>21</pat:ClaimNumber><pat:ClaimText pat:id="ID-00033"><pat:ClaimLabelText>21. </pat:ClaimLabelText>   (Currently Amended) A communications system <pat:OCRConfidenceData pat:levelNumber='22'>eh</pat:OCRConfidenceData> <pat:OCRConfidenceData pat:levelNumber='488452'>eaim-l</pat:OCRConfidenceData> comprising: </pat:ClaimText><pat:ClaimText pat:id="ID-00034">a processor executable key update module operable to: </pat:ClaimText><pat:ClaimText pat:id="ID-00035">detect a stimulus for updating, on a voice communication device, speed dial key set associations with telephone numbers<pat:OCRConfidenceData pat:levelNumber='5'>;</pat:OCRConfidenceData> </pat:ClaimText><pat:ClaimText pat:id="ID-00036">identify a first telephone number that, over a selected period, has been used at least a determined number of times and a second telephone number that, over the selected period, </pat:ClaimText><pat:ClaimText pat:id="ID-00037">has not been used at least the determined number of times, wherein the first telephone number is not currently associated with a speed dial key set and the second telephone number is currently associated with the speed dial key set<pat:OCRConfidenceData pat:levelNumber='5'>;</pat:OCRConfidenceData> </pat:ClaimText><pat:ClaimText pat:id="ID-00038">disassociate the second telephone number with the speed dial key set<pat:OCRConfidenceData pat:levelNumber='5'>;</pat:OCRConfidenceData> and </pat:ClaimText><pat:ClaimText pat:id="ID-00039">associate the first telephone number with the speed dial key set. </pat:ClaimText><pat:ClaimStatusCategory>currently amended</pat:ClaimStatusCategory><pat:ClaimTypeCategory>Independent</pat:ClaimTypeCategory></pat:Claim><pat:Claim pat:id="CLM-00022"><pat:ClaimNumber>22</pat:ClaimNumber><pat:ClaimText pat:id="ID-00040"><pat:ClaimLabelText>22. </pat:ClaimLabelText>   (New) The computer readable medium of<pat:ClaimReference pat:idrefs='CLM-00020'> claim 20, </pat:ClaimReference>wherein the stimulus is at least one of expiration of a specified time period, realization of at least a threshold calling frequency to a currently unassociated telephone number, and realization of less than a threshold calling frequency to a currently associated telephone number. </pat:ClaimText><pat:ClaimStatusCategory>new</pat:ClaimStatusCategory><pat:ClaimTypeCategory>Dependent</pat:ClaimTypeCategory></pat:Claim><pat:Claim pat:id="CLM-00023"><pat:ClaimNumber>23</pat:ClaimNumber><pat:ClaimText pat:id="ID-00041"><pat:ClaimLabelText>23. </pat:ClaimLabelText>   (New) The computer readable medium of<pat:ClaimReference pat:idrefs='CLM-00020'> claim 20, </pat:ClaimReference>wherein the determinations that the first telephone number has been used at least a determined number of times and the second telephone number has not been used at least the determined number of times are based on call logs and further comprising: </pat:ClaimText><pat:ClaimText pat:id="ID-00042">processor executable instructions that, after the identifying operation and before the disassociating and associating operations, request user approval to perform the disassociating and </pat:ClaimText><pat:ClaimText pat:id="ID-00043">associating operations. </pat:ClaimText><pat:ClaimText pat:id="ID-00044"><pat:BoundaryData><pat:HeaderText><pat:OCRConfidenceData pat:levelNumber='8'>4</pat:OCRConfidenceData></pat:HeaderText></pat:BoundaryData> <?PageStart number='3'?> </pat:ClaimText><pat:ClaimStatusCategory>new</pat:ClaimStatusCategory><pat:ClaimTypeCategory>Dependent</pat:ClaimTypeCategory></pat:Claim><pat:Claim pat:id="CLM-00024"><pat:ClaimNumber>24</pat:ClaimNumber><pat:ClaimText pat:id="ID-00045"><pat:ClaimLabelText>24. </pat:ClaimLabelText>   (New) The communications system of<pat:ClaimReference pat:idrefs='CLM-00021'> claim 21, </pat:ClaimReference>wherein the stimulus is at least one of expiration of a specified time period, realization of at least a threshold calling frequency to a currently unassociated telephone number, and realization of less than a threshold calling frequency to a currently associated telephone number. </pat:ClaimText><pat:ClaimStatusCategory>new</pat:ClaimStatusCategory><pat:ClaimTypeCategory>Dependent</pat:ClaimTypeCategory></pat:Claim><pat:Claim pat:id="CLM-00025"><pat:ClaimNumber>25</pat:ClaimNumber><pat:ClaimText pat:id="ID-00046"><pat:ClaimLabelText>25. </pat:ClaimLabelText>   (New) The communications system of<pat:ClaimReference pat:idrefs='CLM-00021'> claim 21, </pat:ClaimReference>wherein the determination that the first telephone number has been used at least a determined number of times and the second telephone number has not been used at least the determined number of times are based on call logs and wherein the key update module, after the identifying operation and before the disassociating and associating operations, requests user approval to perform the disassociating and associating operations. </pat:ClaimText><pat:ClaimText pat:id="ID-00047"><pat:BoundaryData><pat:HeaderText><pat:OCRConfidenceData pat:levelNumber='8'>5</pat:OCRConfidenceData></pat:HeaderText></pat:BoundaryData> </pat:ClaimText><pat:ClaimStatusCategory>new</pat:ClaimStatusCategory><pat:ClaimTypeCategory>Dependent</pat:ClaimTypeCategory></pat:Claim></pat:ClaimList></pat:ClaimSet></pat:ClaimsDocument>