<?xml version="1.0" encoding="utf-8"?><pat:ClaimsDocument xmlns:xsi="http://www.w3.org/2001/XMLSchema-instance" xmlns:mml="http://www.w3.org/1998/Math/MathML" xmlns:pat="urn:us:gov:doc:uspto:patent" xmlns:ent="urn:us:gov:doc:uspto:enterprise" xmlns="urn:us:gov:doc:uspto:patent" xmlns:tbl="http://www.oasis-open.org/tables/exchange/1.0" xmlns:com="http://www.wipo.int/standards/XMLSchema/Common/1" xsi:schemaLocation="urn:us:gov:doc:uspto:patent XML_SCHEMAS/V1_3/ClaimsDocument_1_1.xsd" pat:instanceFileName="12993548.05-30-2013.HHC6R88MPXXIFW3.CLM.XML" pat:id="CLM" pat:completeClaimsProvidedIndicator="true"><pat:DocumentCode>CLM</pat:DocumentCode><pat:DocumentHeaderDetails pat:id="ID-00001"><pat:ApplicationHeaderDetails><pat:ApplicationNumber>12993548</pat:ApplicationNumber></pat:ApplicationHeaderDetails><pat:PageTotalQuantity>3</pat:PageTotalQuantity></pat:DocumentHeaderDetails><pat:MailRoomDate>2013-05-30</pat:MailRoomDate><pat:DocumentCreateDateText>2013-06-03</pat:DocumentCreateDateText><pat:DocumentTitle>CLAIM DOCUMENT</pat:DocumentTitle><pat:ClaimTotalQuantity>17</pat:ClaimTotalQuantity><pat:ClaimSet pat:id="CLM-00000"><pat:ClaimList pat:id="ID-00002"><?PageStart number='1'?><pat:Claim pat:id="UNKNOWN-00001"><pat:ClaimNumber>1</pat:ClaimNumber><pat:ClaimText pat:id="ID-00003"><pat:BoundaryData><pat:HeaderText>IN THE CLAIMS</pat:HeaderText></pat:BoundaryData></pat:ClaimText><pat:ClaimTypeCategory>Independent</pat:ClaimTypeCategory></pat:Claim><pat:Claim pat:id="CLM-00001"><pat:ClaimNumber>1</pat:ClaimNumber><pat:ClaimText pat:id="ID-00004"><pat:ClaimLabelText>Claim 1 (Currently amended).</pat:ClaimLabelText> An adhesive tape having a carrier comprising a film to at least one side of which an adhesive is applied, the adhesive being composed of at least one block copolymer P1 having one or more terminal blocks composed of vinylaromatics and having at least one block composed of conjugated dienes, wherein more than 80% of the terminal double bonds formed by 1,2-linkage are hydrogenated, while less than 30% of the double bonds in the main chain, formed by 1,4-linkage, are hydrogenated, and at least one block copolymer P2 having one or more terminal blocks composed of vinylaromatics and having at least one block composed of conjugated dienes, wherein at least 95% of the double bonds are hydrogenated<pat:OCRConfidenceData pat:levelNumber='5'>,</pat:OCRConfidenceData> said film havin<pat:OCRConfidenceData pat:levelNumber='5'>g</pat:OCRConfidenceData> an elongation at break of between 20% and 50%. </pat:ClaimText><pat:ClaimStatusCategory>currently amended</pat:ClaimStatusCategory><pat:ClaimTypeCategory>Independent</pat:ClaimTypeCategory></pat:Claim><pat:Claim pat:id="CLM-00002"><pat:ClaimNumber>2</pat:ClaimNumber><pat:ClaimText pat:id="ID-00005"><pat:ClaimLabelText>Claim 2 (Previously presented):</pat:ClaimLabelText> The adhesive tape of claim <pat:ClaimReference pat:idrefs='CLM-00001'>1</pat:ClaimReference>, wherein the film is composed of <pat:OCRConfidenceData pat:levelNumber='2'>"</pat:OCRConfidenceData> unoriented or monoaxially or biaxially oriented polypropylene <pat:OCRConfidenceData pat:levelNumber='2'>"</pat:OCRConfidenceData> unoriented or monoaxially oriented polyethylene or <pat:OCRConfidenceData pat:levelNumber='2'>"</pat:OCRConfidenceData> polyester. </pat:ClaimText><pat:ClaimStatusCategory>previously presented</pat:ClaimStatusCategory><pat:ClaimTypeCategory>Dependent</pat:ClaimTypeCategory></pat:Claim><pat:Claim pat:id="CLM-00003"><pat:ClaimNumber>3</pat:ClaimNumber><pat:ClaimText pat:id="ID-00006"><pat:ClaimLabelText>Claim 3 (Previously presented):</pat:ClaimLabelText> The adhesive tape of claim <pat:ClaimReference pat:idrefs='CLM-00001'>1</pat:ClaimReference>, wherein the film is composed of blends of polyethylene and propylene. </pat:ClaimText><pat:ClaimStatusCategory>previously presented</pat:ClaimStatusCategory><pat:ClaimTypeCategory>Dependent</pat:ClaimTypeCategory></pat:Claim><pat:Claim pat:id="CLM-00004"><pat:ClaimNumber>4</pat:ClaimNumber><pat:ClaimText pat:id="ID-00007"><pat:BoundaryData><pat:HeaderText><pat:OCRConfidenceData pat:levelNumber='8'>2</pat:OCRConfidenceData></pat:HeaderText></pat:BoundaryData></pat:ClaimText><?PageStart number='2'?><pat:ClaimText pat:id="ID-00008"><pat:ClaimLabelText>Claim 4 (Previously presented):</pat:ClaimLabelText> The adhesive tape of claim <pat:ClaimReference pat:idrefs='CLM-00001'>1</pat:ClaimReference>, wherein the film is composed at least in part of copolymers of propylene or copolymers of polyethylene. </pat:ClaimText><pat:ClaimStatusCategory>previously presented</pat:ClaimStatusCategory><pat:ClaimTypeCategory>Dependent</pat:ClaimTypeCategory></pat:Claim><pat:Claim pat:id="CLM-00005"><pat:ClaimNumber>5</pat:ClaimNumber><pat:ClaimText pat:id="ID-00009"><pat:ClaimLabelText>Claim 5 (Previously presented):</pat:ClaimLabelText> The adhesive tape of claim <pat:ClaimReference pat:idrefs='CLM-00001'>1</pat:ClaimReference>, wherein the film comprises at least two layers produced by coextrusion. </pat:ClaimText><pat:ClaimStatusCategory>previously presented</pat:ClaimStatusCategory><pat:ClaimTypeCategory>Dependent</pat:ClaimTypeCategory></pat:Claim><pat:Claim pat:id="CLM-00006"><pat:ClaimNumber>6</pat:ClaimNumber><pat:ClaimText pat:id="ID-00010"><pat:ClaimLabelText>Claim 6 (Currently amended):</pat:ClaimLabelText>  The adhesive tape of claim <pat:ClaimReference pat:idrefs='CLM-00001'>1</pat:ClaimReference>, wherein the adhesive tape comprises fibrous reinforcing materials selected from the group consisting of filaments, woven filament fabrics and filament scrims, which either are placed directly on the film carrier or are inserted in the adhesive, said adhesive ta<pat:OCRConfidenceData pat:levelNumber='5'>p</pat:OCRConfidenceData>e havin<pat:OCRConfidenceData pat:levelNumber='5'>g</pat:OCRConfidenceData> an elongation at break of between 3 and 25%. </pat:ClaimText><pat:ClaimStatusCategory>currently amended</pat:ClaimStatusCategory><pat:ClaimTypeCategory>Dependent</pat:ClaimTypeCategory></pat:Claim><pat:Claim pat:id="CLM-00007"><pat:ClaimNumber>7</pat:ClaimNumber><pat:ClaimText pat:id="ID-00011"><pat:ClaimLabelText>Claim 7 (Previously presented):</pat:ClaimLabelText>  The adhesive tape of claim <pat:ClaimReference pat:idrefs='CLM-00001'>1</pat:ClaimReference>, wherein the vinylaromatics comprise styrene. </pat:ClaimText><pat:ClaimStatusCategory>previously presented</pat:ClaimStatusCategory><pat:ClaimTypeCategory>Dependent</pat:ClaimTypeCategory></pat:Claim><pat:Claim pat:id="CLM-00008"><pat:ClaimNumber>8</pat:ClaimNumber><pat:ClaimText pat:id="ID-00012"><pat:ClaimLabelText>Claim 8 (Previously presented):</pat:ClaimLabelText>  The adhesive tape of claim <pat:ClaimReference pat:idrefs='CLM-00001'>1</pat:ClaimReference>, wherein the two block copolymers P1 and P2 are present in a ratio of 25:75 up to 90:10 weight fractions. </pat:ClaimText><pat:ClaimStatusCategory>previously presented</pat:ClaimStatusCategory><pat:ClaimTypeCategory>Dependent</pat:ClaimTypeCategory></pat:Claim><pat:Claim pat:id="CLM-00009"><pat:ClaimNumber>9</pat:ClaimNumber><pat:ClaimText pat:id="ID-00013"><pat:ClaimLabelText>Claim 9 (Previously presented):</pat:ClaimLabelText>  The adhesive tape of claim <pat:ClaimReference pat:idrefs='CLM-00001'>1</pat:ClaimReference>, wherein the block copolymer P1 is a partially hydrogenated styrene-butadiene- styrene block copolymer. </pat:ClaimText><pat:ClaimStatusCategory>previously presented</pat:ClaimStatusCategory><pat:ClaimTypeCategory>Dependent</pat:ClaimTypeCategory></pat:Claim><pat:Claim pat:id="CLM-00010"><pat:ClaimNumber>10</pat:ClaimNumber><pat:ClaimText pat:id="ID-00014"><pat:ClaimLabelText>Claim 10 (Previously presented):</pat:ClaimLabelText> The adhesive tape of claim <pat:ClaimReference pat:idrefs='CLM-00001'>1</pat:ClaimReference>, wherein the polyvinylaromatic fraction of the block copolymers P1 and P2 is between 10% and 35% by weight. </pat:ClaimText><pat:ClaimStatusCategory>previously presented</pat:ClaimStatusCategory><pat:ClaimTypeCategory>Dependent</pat:ClaimTypeCategory></pat:Claim><pat:Claim pat:id="CLM-00011"><pat:ClaimNumber>11</pat:ClaimNumber><pat:ClaimText pat:id="ID-00015"><pat:ClaimLabelText>Claim 11 (Previously presented):</pat:ClaimLabelText> The adhesive tape of claim <pat:ClaimReference pat:idrefs='CLM-00001'>1</pat:ClaimReference>, wherein the fraction of the two vinylaromatic block copolymers in total, based on the overall adhesive, is 20% to 70% by weight. </pat:ClaimText><pat:ClaimText pat:id="ID-00016"><pat:BoundaryData><pat:HeaderText><pat:OCRConfidenceData pat:levelNumber='8'>3</pat:OCRConfidenceData></pat:HeaderText></pat:BoundaryData></pat:ClaimText><?PageStart number='3'?><pat:ClaimStatusCategory>previously presented</pat:ClaimStatusCategory><pat:ClaimTypeCategory>Dependent</pat:ClaimTypeCategory></pat:Claim><pat:Claim pat:id="CLM-00012"><pat:ClaimNumber>12</pat:ClaimNumber><pat:ClaimText pat:id="ID-00017"><pat:ClaimLabelText>Claim 12 (Previously presented):</pat:ClaimLabelText> The adhesive tape of claim <pat:ClaimReference pat:idrefs='CLM-00001'>1</pat:ClaimReference>, wherein the adhesive further comprises diblock copolymers. </pat:ClaimText><pat:ClaimStatusCategory>previously presented</pat:ClaimStatusCategory><pat:ClaimTypeCategory>Dependent</pat:ClaimTypeCategory></pat:Claim><pat:Claim pat:id="CLM-00013"><pat:ClaimNumber>13</pat:ClaimNumber><pat:ClaimText pat:id="ID-00018"><pat:ClaimLabelText>Claim 13 (Previously presented):</pat:ClaimLabelText> The adhesive tape of claim <pat:ClaimReference pat:idrefs='CLM-00001'>1</pat:ClaimReference>, wherein the adhesive further comprises tackifier resins. </pat:ClaimText><pat:ClaimStatusCategory>previously presented</pat:ClaimStatusCategory><pat:ClaimTypeCategory>Dependent</pat:ClaimTypeCategory></pat:Claim><pat:Claim pat:id="CLM-00014"><pat:ClaimNumber>14</pat:ClaimNumber><pat:ClaimText pat:id="ID-00019"><pat:ClaimLabelText>Claim 14 (Currently amended):</pat:ClaimLabelText> The adhesive tape of at <pat:OCRConfidenceData pat:levelNumber='6'>l</pat:OCRConfidenceData>east <pat:OCRConfidenceData pat:levelNumber='588'>one</pat:OCRConfidenceData> <pat:OCRConfidenceData pat:levelNumber='68'>of</pat:OCRConfidenceData> <pat:OCRConfidenceData pat:levelNumber='688'>the</pat:OCRConfidenceData> pre<pat:OCRConfidenceData pat:levelNumber='4'>c</pat:OCRConfidenceData>eding-claim <pat:ClaimReference pat:idrefs='CLM-00001'>1</pat:ClaimReference>, wherein the adhesive comprises at least one UV protectant and/or other blending components selected from the group consisting of plasticizers, aging inhibitors, processing assistants, fillers, dyes, optical brighteners, stabilizers, endblock reinforcer resins. </pat:ClaimText><pat:ClaimStatusCategory>currently amended</pat:ClaimStatusCategory><pat:ClaimTypeCategory>Dependent</pat:ClaimTypeCategory></pat:Claim><pat:Claim pat:id="CLM-00015"><pat:ClaimNumber>15</pat:ClaimNumber><pat:ClaimText pat:id="ID-00020"><pat:ClaimLabelText>Claim 15 (Previously presented):</pat:ClaimLabelText> An adhesive strapping tape for bundling and </pat:ClaimText><pat:ClaimText pat:id="ID-00021">palletizing cardboard-boxed items and other goods comprising the adhesive tape of claim <pat:ClaimReference pat:idrefs='CLM-00001'>1</pat:ClaimReference>. </pat:ClaimText><pat:ClaimStatusCategory>previously presented</pat:ClaimStatusCategory><pat:ClaimTypeCategory>Dependent</pat:ClaimTypeCategory></pat:Claim><pat:Claim pat:id="CLM-00016"><pat:ClaimNumber>16</pat:ClaimNumber><pat:ClaimText pat:id="ID-00022"><pat:ClaimLabelText>Claim 16 (Previously presented):</pat:ClaimLabelText> The adhesive tape of claim <pat:ClaimReference pat:idrefs='CLM-00008'>8 </pat:ClaimReference>wherein said ratio is 40:60 up to 80:20. </pat:ClaimText><pat:ClaimStatusCategory>previously presented</pat:ClaimStatusCategory><pat:ClaimTypeCategory>Dependent</pat:ClaimTypeCategory></pat:Claim><pat:Claim pat:id="CLM-00017"><pat:ClaimNumber>17</pat:ClaimNumber><pat:ClaimText pat:id="ID-00023"><pat:ClaimLabelText>Claim 17 (Previously presented):</pat:ClaimLabelText> The adhesive tape of claim <pat:ClaimReference pat:idrefs='CLM-00011'>11</pat:ClaimReference>, wherein said fraction of the two vinylaromatic block copolymers is 30% to 60%. </pat:ClaimText><pat:ClaimText pat:id="ID-00024"><pat:BoundaryData><pat:HeaderText><pat:OCRConfidenceData pat:levelNumber='8'>4</pat:OCRConfidenceData></pat:HeaderText></pat:BoundaryData></pat:ClaimText><pat:ClaimStatusCategory>previously presented</pat:ClaimStatusCategory><pat:ClaimTypeCategory>Dependent</pat:ClaimTypeCategory></pat:Claim></pat:ClaimList></pat:ClaimSet></pat:ClaimsDocument>