<?xml version="1.0" encoding="utf-8"?><pat:SpecificationDocument xmlns:xsi="http://www.w3.org/2001/XMLSchema-instance" xmlns:mml="http://www.w3.org/1998/Math/MathML" xmlns:pat="urn:us:gov:doc:uspto:patent" xmlns:ent="urn:us:gov:doc:uspto:enterprise" xmlns="urn:us:gov:doc:uspto:patent" xmlns:tbl="http://www.oasis-open.org/tables/exchange/1.0" xmlns:com="http://www.wipo.int/standards/XMLSchema/Common/1" xsi:schemaLocation="urn:us:gov:doc:uspto:patent XML_SCHEMAS/V1_3/SpecificationDocument_1_0.xsd" pat:instanceFileName="14522151.01-05-2015.I4N0DDU6PXXIFW2.SPEC.XML" pat:id="I4N0DDU6PXXIFW2"><pat:DocumentCode>SPEC</pat:DocumentCode><pat:DocumentHeaderDetails pat:id="ID-00001"><pat:ApplicationHeaderDetails><pat:ApplicationNumber>14522151</pat:ApplicationNumber></pat:ApplicationHeaderDetails><pat:PageTotalQuantity>1</pat:PageTotalQuantity><pat:ParagraphTotalQuantity>2</pat:ParagraphTotalQuantity></pat:DocumentHeaderDetails><pat:MailRoomDate>2015-01-05</pat:MailRoomDate><pat:DocumentCreateDateText>2015-12-10</pat:DocumentCreateDateText><pat:Specification><?PageStart number='1'?><pat:P pat:pNumber="1" pat:id="p-1"><pat:U>Amendments to the Specification:  </pat:U>Attached hereto is a marked-up copy of the specification and a clean version of the<pat:U>  </pat:U>specification. The substitute specification is being filed to correct the description of the Figures.</pat:P><pat:P pat:pNumber="2" pat:id="p-2">The<pat:PartName pat:idref="PN-00001"> substitute specification contains no new matter in accordance with </pat:PartName><pat:PartNumber pat:id="PN-00001">37</pat:PartNumber> CFR <pat:OCRConfidenceData pat:levelNumber="5">§</pat:OCRConfidenceData> 1.125(b).<pat:PartName pat:idref="PN-00002">  </pat:PartName><pat:PartNumber pat:id="PN-00002"><pat:OCRConfidenceData pat:levelNumber="8">2</pat:OCRConfidenceData></pat:PartNumber></pat:P></pat:Specification></pat:SpecificationDocument>