<?xml version="1.0" encoding="UTF-8"?>
<pat:SpecificationDocument xmlns:pat="urn:us:gov:doc:uspto:patent" xmlns="urn:us:gov:doc:uspto:patent" xmlns:ent="urn:us:gov:doc:uspto:enterprise" xmlns:mml="http://www.w3.org/1998/Math/MathML" xmlns:tbl="http://www.oasis-open.org/tables/exchange/1.0" xmlns:xsi="http://www.w3.org/2001/XMLSchema-instance" xmlns:com="http://www.wipo.int/standards/XMLSchema/Common/1" pat:instanceFileName="13962724.11-18-2014.I2NR21P9PXXIFW3.ABST.xml" pat:id="I2NR21P9PXXIFW3" xsi:schemaLocation="urn:us:gov:doc:uspto:patent XMLSchema/V1_3/SpecificationDocument_1_0.xsd">
<pat:DocumentCode>ABST</pat:DocumentCode><pat:DocumentHeaderDetails pat:id="ID-00001">
<pat:ApplicationHeaderDetails><pat:ApplicationNumber>13962724</pat:ApplicationNumber></pat:ApplicationHeaderDetails>
<pat:PageTotalQuantity>1</pat:PageTotalQuantity>
<pat:ParagraphTotalQuantity>2</pat:ParagraphTotalQuantity>
</pat:DocumentHeaderDetails>
<pat:MailRoomDate>2014-11-18</pat:MailRoomDate>
<pat:Specification pat:id="Specification">
<?PageStart number="1"?>
<pat:BoundaryData><pat:HeaderText>PATENT</pat:HeaderText></pat:BoundaryData>
<pat:BoundaryData><pat:HeaderText>Atty. Dkt. No. KEGB<pat:OCRConfidenceData pat:levelNumber="6686">/010</pat:OCRConfidenceData></pat:HeaderText></pat:BoundaryData>
<pat:Heading pat:id="h-1">IN THE ABSTRACT</pat:Heading>
<pat:P pat:id="p-1" pat:pNumber="1">Please replace the Abstract of the application with the following replacement Abstract:</pat:P>
<pat:P pat:id="p-2" pat:pNumber="2">An apparatus is for a tool box and a vehicle having a hitch assembly. The apparatus includes a frame assembly and a powered-actuator assembly. The frame assembly is configured to be load bearing, and is also configured to facilitate secured connection with the hitch assembly of the vehicle. The powered-actuator assembly is configured to be powered by a power source, and is also configured to move the frame assembly relative to the hitch assembly of the vehicle in such a way as to facilitate secured connection between the frame assembly and the hitch assembly. The powered-actuator assembly is fixedly connected to the frame assembly. The frame assembly is configured to supportably receive the tool box. The frame assembly is selectively removable from the tool box.</pat:P>
<pat:BoundaryData><pat:HeaderText>1146346                      Page 2</pat:HeaderText></pat:BoundaryData>
</pat:Specification></pat:SpecificationDocument>
