<?xml version="1.0" encoding="utf-8"?><pat:SpecificationDocument xmlns:xsi="http://www.w3.org/2001/XMLSchema-instance" xmlns:mml="http://www.w3.org/1998/Math/MathML" xmlns:pat="urn:us:gov:doc:uspto:patent" xmlns:ent="urn:us:gov:doc:uspto:enterprise" xmlns="urn:us:gov:doc:uspto:patent" xmlns:tbl="http://www.oasis-open.org/tables/exchange/1.0" xmlns:com="http://www.wipo.int/standards/XMLSchema/Common/1" xsi:schemaLocation="urn:us:gov:doc:uspto:patent XML_SCHEMAS/V1_3/SpecificationDocument_1_0.xsd" pat:instanceFileName="14522151.10-23-2014.I1S0T5IIPXXIFW1.ABST.XML" pat:id="I1S0T5IIPXXIFW1"><pat:DocumentCode>ABST</pat:DocumentCode><pat:DocumentHeaderDetails pat:id="ID-00001"><pat:ApplicationHeaderDetails><pat:ApplicationNumber>14522151</pat:ApplicationNumber></pat:ApplicationHeaderDetails><pat:PageTotalQuantity>1</pat:PageTotalQuantity><pat:ParagraphTotalQuantity>2</pat:ParagraphTotalQuantity></pat:DocumentHeaderDetails><pat:MailRoomDate>2014-10-23</pat:MailRoomDate><pat:DocumentCreateDateText>2014-10-28</pat:DocumentCreateDateText><pat:DocumentTitle>ABSTRACT DOCUMENT</pat:DocumentTitle><pat:Specification><?PageStart number='1'?><pat:Heading pat:id="h-1">ABSTRACT</pat:Heading><pat:P pat:pNumber="1" pat:id="p-1">Embodiments of the present invention are directed to a communication system that provides various automated operations, including searches of public and private resources for third party information, performance of operations to assist a user in <pat:BoundaryData><pat:LineNumber>5</pat:LineNumber></pat:BoundaryData>response to keyword identification in an audio, text or video stream, and speed dial updates based on calling frequencies to various telephone numbers. </pat:P><pat:P pat:pNumber="2" pat:id="p-2"><pat:BoundaryData><pat:HeaderText><pat:OCRConfidenceData pat:levelNumber='88'>35</pat:OCRConfidenceData></pat:HeaderText></pat:BoundaryData></pat:P></pat:Specification></pat:SpecificationDocument>