<?xml version="1.0" encoding="UTF-8"?>
<pat:SpecificationDocument xmlns:pat="urn:us:gov:doc:uspto:patent" xmlns="urn:us:gov:doc:uspto:patent" xmlns:ent="urn:us:gov:doc:uspto:enterprise" xmlns:mml="http://www.w3.org/1998/Math/MathML" xmlns:tbl="http://www.oasis-open.org/tables/exchange/1.0" xmlns:xsi="http://www.w3.org/2001/XMLSchema-instance" xmlns:com="http://www.wipo.int/standards/XMLSchema/Common/1" pat:instanceFileName="13962724.08-08-2013.HK4I4RXZPXXIFW3.ABST.xml" pat:id="HK4I4RXZPXXIFW3" xsi:schemaLocation="urn:us:gov:doc:uspto:patent XMLSchema/V1_3/SpecificationDocument_1_0.xsd">
<pat:DocumentCode>ABST</pat:DocumentCode><pat:DocumentHeaderDetails pat:id="ID-00001">
<pat:ApplicationHeaderDetails><pat:ApplicationNumber>13962724</pat:ApplicationNumber></pat:ApplicationHeaderDetails>
<pat:PageTotalQuantity>1</pat:PageTotalQuantity>
<pat:ParagraphTotalQuantity>1</pat:ParagraphTotalQuantity>
</pat:DocumentHeaderDetails>
<pat:MailRoomDate>2013-08-08</pat:MailRoomDate>
<pat:Specification pat:id="Specification">
<?PageStart number="1"?>
<pat:BoundaryData><pat:HeaderText>KEG <pat:OCRConfidenceData pat:levelNumber="86666">B/010</pat:OCRConfidenceData></pat:HeaderText></pat:BoundaryData>
<pat:Heading pat:id="h-1">ABSTRACT</pat:Heading>
<pat:P pat:id="p-1" pat:pNumber="1">An apparatus for use with a vehicle having a hitch assembly is disclosed. The apparatus includes a frame assembly configured to be load bearing. The frame assembly is also configured to facilitate secured connection with the hitch assembly of the vehicle. The apparatus also includes a powered-actuator assembly configured to be powered by a power source. The powered- actuator assembly is also configured to move the frame assembly relative to the hitch assembly of the vehicle in such a way as to facilitate secured connection between the frame assembly and the hitch assembly.</pat:P>
<pat:BoundaryData><pat:HeaderText><pat:OCRConfidenceData pat:levelNumber="88">27</pat:OCRConfidenceData></pat:HeaderText></pat:BoundaryData>
<pat:BoundaryData><pat:HeaderText>KIRBY Reference Number 503584</pat:HeaderText></pat:BoundaryData>
</pat:Specification></pat:SpecificationDocument>
