<?xml version="1.0" encoding="UTF-8"?>
<pat:SpecificationDocument xmlns:pat="urn:us:gov:doc:uspto:patent" xmlns="urn:us:gov:doc:uspto:patent" xmlns:ent="urn:us:gov:doc:uspto:enterprise" xmlns:mml="http://www.w3.org/1998/Math/MathML" xmlns:tbl="http://www.oasis-open.org/tables/exchange/1.0" xmlns:xsi="http://www.w3.org/2001/XMLSchema-instance" xmlns:com="http://www.wipo.int/standards/XMLSchema/Common/1" pat:instanceFileName="13962724.08-08-2013.HK4I4RXKPXXIFW3.SPEC.xml" pat:id="HK4I4RXKPXXIFW3" xsi:schemaLocation="urn:us:gov:doc:uspto:patent XMLSchema/V1_3/SpecificationDocument_1_0.xsd">
<pat:DocumentCode>SPEC</pat:DocumentCode><pat:DocumentHeaderDetails pat:id="ID-00001">
<pat:ApplicationHeaderDetails><pat:ApplicationNumber>13962724</pat:ApplicationNumber></pat:ApplicationHeaderDetails>
<pat:PageTotalQuantity>19</pat:PageTotalQuantity>
<pat:ParagraphTotalQuantity>81</pat:ParagraphTotalQuantity>
</pat:DocumentHeaderDetails>
<pat:MailRoomDate>2013-08-08</pat:MailRoomDate>
<pat:Specification pat:id="Specification">
<?PageStart number="1"?>
<pat:BoundaryData><pat:HeaderText><pat:OCRConfidenceData pat:levelNumber="8">K</pat:OCRConfidenceData> EG B<pat:OCRConfidenceData pat:levelNumber="6666">/010</pat:OCRConfidenceData></pat:HeaderText></pat:BoundaryData>
<pat:Heading pat:id="h-1">APPARATUS INCLUDING POWERED-ACTUATOR ASSEMBLY FOR MOVING LOAD-</pat:Heading>
<pat:Heading pat:id="h-2">BEARING FRAME ASSEMBLY RELATIVE TO HITCH ASSEMBLY OF VEHICLE</pat:Heading>
<pat:Heading pat:id="h-3"><pat:OCRConfidenceData pat:levelNumber="86666">[0001</pat:OCRConfidenceData>]   TECHNICAL FIELD</pat:Heading>
<pat:P pat:id="p-1" pat:pNumber="1">[0002]   Some aspects are generally related to (and are not limited to) an apparatus for use with a vehicle having a hitch assembly. More specifically, some aspects provide an apparatus including a frame assembly and a powered-actuator assembly for moving the frame assembly relative to the hitch assembly in such a way as to facilitate secured connection between the frame assembly and the hitch assembly.</pat:P>
<pat:Heading pat:id="h-4">[0003]   BACKGROUND</pat:Heading>
<pat:P pat:id="p-2" pat:pNumber="2">[0004<pat:OCRConfidenceData pat:levelNumber="5">]</pat:OCRConfidenceData>   A vehicle hitch (also called a trailer hitch, a tow hitch or a tow bar) is a device attached to the chassis of a vehicle. The vehicle hitch can take the form of a tow-ball to allow swiveling and articulation of a trailer, or a tow pin and jaw with a trailer <pat:OCRConfidenceData pat:levelNumber="5">l</pat:OCRConfidenceData>oop often used for large or agricultural vehicles where slack in the pivot pin allows the same movements. The vehicle hitch comes in various configurations such as the receiver type and the fixed-drawbar type. The receiver-type hitch includes a portion that mounts to a frame of the vehicle that has a rearward-facing opening that accepts removable ball mounts, hitch bike racks, cargo carriers, or other hitch-mountable accessories. The fixed- drawbar hitch is built as one piece, has an integrated hole for the trailer ball, and is generally not compatible with after-market hitch accessories.</pat:P>
<pat:P pat:id="p-3" pat:pNumber="3"><pat:OCRConfidenceData pat:levelNumber="86666">[0005</pat:OCRConfidenceData>]   The vehicle hitch is fixedly connected (or is bolted to) to the chassis of the vehicle. In North America there are a few common classes, such as Classes I, II, III, IV <pat:BoundaryData><pat:HeaderText><pat:OCRConfidenceData pat:levelNumber="8">2</pat:OCRConfidenceData></pat:HeaderText></pat:BoundaryData><pat:BoundaryData><pat:HeaderText><pat:OCRConfidenceData pat:levelNumber="86">KI</pat:OCRConfidenceData>RBY Reference Number <pat:OCRConfidenceData pat:levelNumber="66">50</pat:OCRConfidenceData>3584</pat:HeaderText></pat:BoundaryData>
<?PageStart number="2"?><pat:BoundaryData><pat:HeaderText>KEG B<pat:OCRConfidenceData pat:levelNumber="6666">/010</pat:OCRConfidenceData></pat:HeaderText></pat:BoundaryData>that are defined by the SAE (Society of Automotive Engineers). Some manufacturers market Class V hitches, but there is no such thing according to SA<pat:OCRConfidenceData pat:levelNumber="5">E</pat:OCRConfidenceData> Standard Number J684. Class I has a <pat:PartName pat:idref="PN-00001">range of up to about 2,000 pounds (lbs.) or about </pat:PartName><pat:PartNumber pat:id="PN-00001">910</pat:PartNumber> kilograms (kg).</pat:P>
<pat:P pat:id="p-4" pat:pNumber="4">Class II has a range of up to about 3,500 lbs. (about <pat:OCRConfidenceData pat:levelNumber="5">1</pat:OCRConfidenceData>,600 kg). Class III has a range of up to about 5,000 lbs. (about 2,300 kg). Class IV has a range of up to about 10,000 lbs.</pat:P>
<pat:P pat:id="p-5" pat:pNumber="5">(about 4,500 kg) for larger <pat:OCRConfidenceData pat:levelNumber="5">l</pat:OCRConfidenceData>oads.</pat:P>
<pat:P pat:id="p-6" pat:pNumber="6">[0006<pat:OCRConfidenceData pat:levelNumber="5">]</pat:OCRConfidenceData>   The receiver-type hitch is provided with a <pat:PartName pat:idref="PN-00002">square receiver opening of: (A) 1.25 inches </pat:PartName><pat:PartNumber pat:id="PN-00002">(32</pat:PartNumber> <pat:PartName pat:idref="PN-00003">millimeters (mm)) for Classes I or II, and (B) </pat:PartName><pat:PartNumber pat:id="PN-00003">2</pat:PartNumber> <pat:PartName pat:idref="PN-00004">inches </pat:PartName><pat:PartNumber pat:id="PN-00004">(51</pat:PartNumber> <pat:PartName pat:idref="PN-00005">mm) for Classes III, IV or V. Some Class IV or V hitches are available in 2.5 inches </pat:PartName><pat:PartNumber pat:id="PN-00005">(64</pat:PartNumber> mm) opening sizes.</pat:P>
<pat:P pat:id="p-7" pat:pNumber="7">[0007<pat:OCRConfidenceData pat:levelNumber="5">]</pat:OCRConfidenceData>   The trailer tongue (North America) or coupling (outside North America<pat:OCRConfidenceData pat:levelNumber="5">)</pat:OCRConfidenceData> slips over a tow-ball. Tow-balls come in various sizes depending on the load they carry and the country of operation. In North America, the <pat:OCRConfidenceData pat:levelNumber="5">b</pat:OCRConfidenceData>all attaches to a ballmount. The receiver- type hitch uses removable ball mounts, whereas the fixed drawbar-type hitch has an integrated ball mount. The ball mount must match the SAE hitch class. The ballmount for a receiver-type hitch is a rectangular bar that fits into a receiver attached to the vehicle.</pat:P>
<pat:P pat:id="p-8" pat:pNumber="8">Removable ball mounts are offered with varying rise or drop to accommodate variations in the height of the vehicle and trailer to provide for level towing. In order to tow safely, the correct combination of vehicle and trailer must be combined with correct loading horizontally and vertically on the tow-ball.</pat:P>
<pat:P pat:id="p-9" pat:pNumber="9">[0008]   Outside North America, the vehicle mounting for the tow-ball is called the tow- bracket. The mounting points for all recent passenger vehicles are defined by the vehicle manufacturer and the tow-bracket manufacturer must use these mount points and prove the efficacy of their bracket for each vehicle by a full rig-based fatigue test.</pat:P>
<pat:P pat:id="p-10" pat:pNumber="10">[0009<pat:OCRConfidenceData pat:levelNumber="5">]</pat:OCRConfidenceData>   Many pickup trucks come equipped with one to three mounting holes placed in the center area of a rear bumper to accommodate the mounting of a trailer tow-ball. Some <pat:BoundaryData><pat:HeaderText><pat:OCRConfidenceData pat:levelNumber="8">3</pat:OCRConfidenceData></pat:HeaderText></pat:BoundaryData><pat:BoundaryData><pat:HeaderText>KIRBY Reference Number 503584</pat:HeaderText></pat:BoundaryData>
<?PageStart number="3"?><pat:BoundaryData><pat:HeaderText>KEG<pat:OCRConfidenceData pat:levelNumber="56662">B/010</pat:OCRConfidenceData></pat:HeaderText></pat:BoundaryData>are used by drivers in a rural area for towing wide farm equipment on two-lane roads. A far side mounting allows for the item (a trailer, etc.) being towed to be further away from the opposite side of the road (away from oncoming traffic).</pat:P>
<pat:P pat:id="p-11" pat:pNumber="11">[00010]  Caution is used when using the bumper of a pickup truck for towing rather than using a frame mounted-receiver hitch, as the bumper does not provide for as much strength and therefore is generally used to tow lighter types of loads. Weight ratings for both bumper-mounted and frame-mounted receiver hitches can be found on the bumper of a pickup truck (for bumper-mounted trailer tow balls) and on the receiver hitches (for frame mounted receiver hitches). Many pickup trucks without frame-mounted receiver hitches often use the rear bumper, especially if the pickup truck is a light duty (not full size) pickup truck.</pat:P>
<pat:Heading pat:id="h-5">[00011<pat:OCRConfidenceData pat:levelNumber="5">]</pat:OCRConfidenceData>  SUMMARY</pat:Heading>
<pat:P pat:id="p-12" pat:pNumber="12">[00012]  I, the inventor, have researched a problem associated with conveyance of a load to and from a work site. After much study, I believe I have arrived at an understanding of the problem and its solution, which are stated below.</pat:P>
<pat:P pat:id="p-13" pat:pNumber="13">[00013]  Some types of work require the conveyance of a load (goods and/or tools), perhaps by a container box, to a work site (an area where work takes place by workers and/or by contractors). Sometimes the load is manually loaded on to a vehicle and off from the vehicle (such as a truck or a trailer attached to the truck). The load should be deposited on a work site with minimum effort or inconvenience from the vehicle. In order to convey the load to the work site and then to pick up the load from the work site at a later time, a vehicle having vehicle hitch may be used for such a purpose. The load should be hauled by way of the vehicle via the hitch assembly. To simplify the handling of the load, it is necessary to employ a frame that can be attached to a tow hitch located at the rear of vehicles.</pat:P>
<pat:BoundaryData><pat:HeaderText><pat:OCRConfidenceData pat:levelNumber="8">4</pat:OCRConfidenceData></pat:HeaderText></pat:BoundaryData>
<pat:BoundaryData><pat:HeaderText>KIRBY Reference Number 503584</pat:HeaderText></pat:BoundaryData>
<pat:P pat:id="p-14" pat:pNumber="14">
<?PageStart number="4"?></pat:P>
<pat:BoundaryData><pat:HeaderText>KEG <pat:OCRConfidenceData pat:levelNumber="86666">B/010</pat:OCRConfidenceData></pat:HeaderText></pat:BoundaryData>
<pat:P pat:id="p-15" pat:pNumber="15">[00014]  I, the inventor, have provided an apparatus that overcomes the challenge of moving a load having a large weight to and from work sites by using a vehicle having a vehicle hitch.</pat:P>
<pat:P pat:id="p-16" pat:pNumber="16">[00015]  In order to mitigate, at least in part, the problems identified above, in accordance with another aspect of my work, I (the inventor) have developed an apparatus for use with a vehicle having a hitch assembly is disclosed. The apparatus includes a frame assembly configured to be load bearing. The frame assembly is also configured to facilitate secured connection with the hitch assembly of the vehicle. The apparatus also includes a powered-actuator assembly configured to be powered by a power source. The powered-actuator assembly is also configured to move the frame assembly relative to the hitch assembly of the vehicle in such a way as to facilitate secured connection between the frame assembly and the hitch assembly.</pat:P>
<pat:P pat:id="p-17" pat:pNumber="17">[00016<pat:OCRConfidenceData pat:levelNumber="5">]</pat:OCRConfidenceData>  In order to mitigate, at least in part, the problems identified above, in accordance with another aspect of my work, I (the inventor) have developed an apparatus for use with a vehicle having a hitch assembly. The apparatus includes a frame assembly configured to be load bearing, and also configured to facilitate secured connection with the hitch assembly of the vehicle. A powered-actuator assembly is configured to be powered by a power source. The powered-actuator assembly is also configured to move the frame assembly relative to the hitch assembly of the vehicle. This is done in such a way as to facilitate secured connection between the frame assembly and the hitch assembly.</pat:P>
<pat:P pat:id="p-18" pat:pNumber="18">[00017]  In order to mitigate, at least in part, the problems identified above, in accordance with another aspect of my work, I (the inventor) have developed an apparatus including a vehicle having a hitch assembly. The apparatus also includes a frame assembly configured to be load bearing, and also configured to facilitate secured connection with the hitch assembly of the vehicle. The apparatus also includes a powered-actuator <pat:BoundaryData><pat:HeaderText><pat:OCRConfidenceData pat:levelNumber="8">5</pat:OCRConfidenceData></pat:HeaderText></pat:BoundaryData><pat:BoundaryData><pat:HeaderText>KIRBY Reference Number 503584</pat:HeaderText></pat:BoundaryData>
<?PageStart number="5"?><pat:BoundaryData><pat:HeaderText>KEG<pat:OCRConfidenceData pat:levelNumber="88686">B/010</pat:OCRConfidenceData></pat:HeaderText></pat:BoundaryData>assembly configured to be powered by a power source. The powered-actuator assembly is also configured to move the frame assembly supporting the load relative to the hitch assembly of the vehicle in such a way as to facilitate secured connection between the frame assembly and the hitch assembly.</pat:P>
<pat:P pat:id="p-19" pat:pNumber="19">[00018]  In order to mitigate, at least in part, the problems identified above, in accordance with another aspect of my work, I (the inventor) have developed a method of operating a hitch assembly of a vehicle. The method includes powering a powered-actuator assembly in such a way that the powered-actuator assembly moves a frame assembly (configured to be load bearing) relative to the hitch assembly of the vehicle in such a way as to facilitate secured connection between the frame assembly and the hitch assembly.</pat:P>
<pat:P pat:id="p-20" pat:pNumber="20">[00019<pat:OCRConfidenceData pat:levelNumber="2">]</pat:OCRConfidenceData>  In order to mitigate, at least in part, the problems identified above, in accordance with another aspect of my (our) work, I (the inventor) have developed and provided other aspects as provided in the claims.</pat:P>
<pat:P pat:id="p-21" pat:pNumber="21">[00020]  By using the apparatus, the challenge of moving the load from work site to work site is overcome at least in part. For example, a contractor may use the apparatus for moving a tool box (an example of the load). A person may use the apparatus to convey a load, perhaps placed in a container, by placing he load on the apparatus, and then connecting the apparatus to the vehicle hitch of the vehicle. For example, the load may include a lockable box having expensive tools that must be conveyed from location to <pat:OCRConfidenceData pat:levelNumber="5">l</pat:OCRConfidenceData>ocation as may be required to perform work.</pat:P>
<pat:P pat:id="p-22" pat:pNumber="22">[00021]  Other aspects and features of the non-limiting embodiments may now become apparent to those skilled in the art upon review of the following detailed description of the non-limiting embodiments with the accompanying drawings.</pat:P>
<pat:Heading pat:id="h-6">[00022<pat:OCRConfidenceData pat:levelNumber="5">]</pat:OCRConfidenceData>  BRIEF DESCRIPTION OF DRAWINGS</pat:Heading>
<pat:BoundaryData><pat:HeaderText><pat:OCRConfidenceData pat:levelNumber="8">6</pat:OCRConfidenceData></pat:HeaderText></pat:BoundaryData>
<pat:BoundaryData><pat:HeaderText>KIRBY Reference Number 503584</pat:HeaderText></pat:BoundaryData>
<pat:P pat:id="p-23" pat:pNumber="23">
<?PageStart number="6"?></pat:P>
<pat:BoundaryData><pat:HeaderText><pat:OCRConfidenceData pat:levelNumber="8">K</pat:OCRConfidenceData> EG B<pat:OCRConfidenceData pat:levelNumber="6666">/010</pat:OCRConfidenceData></pat:HeaderText></pat:BoundaryData>
<pat:P pat:id="p-24" pat:pNumber="24">[00023]  The non-limiting embodiments may be more fully appreciated by reference to the following detailed description of the non-limiting embodiments when taken in conjunction with the accompanying drawings, in which:</pat:P>
<pat:P pat:id="p-25" pat:pNumber="25">[00024]  FIGS. <pat:OCRConfidenceData pat:levelNumber="4">l</pat:OCRConfidenceData>A to <pat:OCRConfidenceData pat:levelNumber="4">i</pat:OCRConfidenceData>D (Sheet 1) depicts a side view of schematic examples of an apparatus for use with a vehicle.</pat:P>
<pat:P pat:id="p-26" pat:pNumber="26">[00025]  FIG. 2 <pat:PartName pat:idref="PN-00006">(Sheet </pat:PartName><pat:PartNumber pat:id="PN-00006">2)</pat:PartNumber> depicts a perspective view of a schematic example of the apparatus of FIGS.<pat:OCRConfidenceData pat:levelNumber="1">1</pat:OCRConfidenceData>A to <pat:OCRConfidenceData pat:levelNumber="588">1D.</pat:OCRConfidenceData></pat:P>
<pat:P pat:id="p-27" pat:pNumber="27"><pat:OCRConfidenceData pat:levelNumber="86">[0</pat:OCRConfidenceData>0026]  FIG. 3 <pat:PartName pat:idref="PN-00007">(Sheet </pat:PartName><pat:PartNumber pat:id="PN-00007">3)</pat:PartNumber> depicts a perspective view of a schematic example of a load supported by the apparatus of FIGS.<pat:OCRConfidenceData pat:levelNumber="1">1</pat:OCRConfidenceData>A to <pat:OCRConfidenceData pat:levelNumber="588">1D.</pat:OCRConfidenceData></pat:P>
<pat:P pat:id="p-28" pat:pNumber="28">[00027]  FIGS. 4A to 4D (Sheet 4) depicts schematic examples of the apparatus of FIGS.<pat:OCRConfidenceData pat:levelNumber="4">I</pat:OCRConfidenceData>A to <pat:OCRConfidenceData pat:levelNumber="588">1D.</pat:OCRConfidenceData></pat:P>
<pat:P pat:id="p-29" pat:pNumber="29">[00028]  The drawings are not necessarily to scale and may be illustrated by phantom lines, diagrammatic representations and fragmentary views. In certain instances, details not necessary for an understanding of the embodiments (and/or details that render other details difficult to perceive) may have been omitted.</pat:P>
<pat:P pat:id="p-30" pat:pNumber="30">[00029]  Corresponding  reference  characters indicate  corresponding  components throughout the several figures of the Drawings. Elements in the several figures are illustrated for simplicity and clarity and have not necessarily been drawn to scale. For example, the dimensions of some of the elements in the figures may be emphasized relative to other elements for facilitating understanding of the various presently disclosed embodiments. In addition, common, but well-understood, elements that are useful or necessary in commercially feasible embodiments are often not depicted in <pat:BoundaryData><pat:HeaderText><pat:OCRConfidenceData pat:levelNumber="8">7</pat:OCRConfidenceData></pat:HeaderText></pat:BoundaryData><pat:BoundaryData><pat:HeaderText>KIRBY Reference Number <pat:OCRConfidenceData pat:levelNumber="66">50</pat:OCRConfidenceData>3584</pat:HeaderText></pat:BoundaryData>
<?PageStart number="7"?><pat:BoundaryData><pat:HeaderText>KEG <pat:OCRConfidenceData pat:levelNumber="86666">B/010</pat:OCRConfidenceData></pat:HeaderText></pat:BoundaryData>order to facilitate a less obstructed view of these various embodiments of the present disclosure.</pat:P>
<pat:Heading pat:id="h-7">[00030]   LIST<pat:OCRConfidenceData pat:levelNumber="5">I</pat:OCRConfidenceData>NG OF REFERENCE NUMERALS USED IN THE DRAWINGS</pat:Heading>
<pat:P pat:id="p-31" pat:pNumber="31">100 apparatus 102 <pat:PartName pat:idref="PN-00008">frame assembly </pat:PartName><pat:PartNumber pat:id="PN-00008">104</pat:PartNumber> <pat:PartName pat:idref="PN-00009">powered-actuator assembly </pat:PartName><pat:PartNumber pat:id="PN-00009">106</pat:PartNumber> <pat:PartName pat:idref="PN-00010">hitch-interface assembly </pat:PartName><pat:PartNumber pat:id="PN-00010">120</pat:PartNumber> <pat:PartName pat:idref="PN-00011">load-support surface </pat:PartName><pat:PartNumber pat:id="PN-00011">122</pat:PartNumber> <pat:PartName pat:idref="PN-00012">spaced-apart columns </pat:PartName><pat:PartNumber pat:id="PN-00012">123</pat:PartNumber> <pat:PartName pat:idref="PN-00013">first frame section </pat:PartName><pat:PartNumber pat:id="PN-00013">124</pat:PartNumber> <pat:PartName pat:idref="PN-00014">second frame section </pat:PartName><pat:PartNumber pat:id="PN-00014">140</pat:PartNumber> <pat:PartName pat:idref="PN-00015">movable shaft </pat:PartName><pat:PartNumber pat:id="PN-00015">141</pat:PartNumber> <pat:PartName pat:idref="PN-00016">actuator bracket </pat:PartName><pat:PartNumber pat:id="PN-00016">142</pat:PartNumber> <pat:PartName pat:idref="PN-00017">wheel assembly </pat:PartName><pat:PartNumber pat:id="PN-00017">143</pat:PartNumber> <pat:PartName pat:idref="PN-00018">leg assembly </pat:PartName><pat:PartNumber pat:id="PN-00018">144</pat:PartNumber> <pat:PartName pat:idref="PN-00019">wheel-storage device </pat:PartName><pat:PartNumber pat:id="PN-00019">145</pat:PartNumber> <pat:PartName pat:idref="PN-00020">wheel-lock mechanism </pat:PartName><pat:PartNumber pat:id="PN-00020">146</pat:PartNumber> <pat:PartName pat:idref="PN-00021">electric connector </pat:PartName><pat:PartNumber pat:id="PN-00021">147</pat:PartNumber> <pat:PartName pat:idref="PN-00022">switch assembly </pat:PartName><pat:PartNumber pat:id="PN-00022">148</pat:PartNumber> <pat:PartName pat:idref="PN-00023">mechanical connector </pat:PartName><pat:PartNumber pat:id="PN-00023">149</pat:PartNumber> <pat:PartName pat:idref="PN-00024">electric actuator </pat:PartName><pat:PartNumber pat:id="PN-00024">160</pat:PartNumber> <pat:PartName pat:idref="PN-00025">plate assembly </pat:PartName><pat:PartNumber pat:id="PN-00025">162</pat:PartNumber> <pat:PartName pat:idref="PN-00026">hitch-extender assembly </pat:PartName><pat:PartNumber pat:id="PN-00026">164</pat:PartNumber> <pat:PartName pat:idref="PN-00027">hitch-bar receiver </pat:PartName><pat:PartNumber pat:id="PN-00027">166</pat:PartNumber> <pat:PartName pat:idref="PN-00028">storage pin </pat:PartName><pat:PartNumber pat:id="PN-00028">170</pat:PartNumber> <pat:PartName pat:idref="PN-00029">light assembly </pat:PartName><pat:PartNumber pat:id="PN-00029">200</pat:PartNumber> <pat:BoundaryData><pat:HeaderText><pat:OCRConfidenceData pat:levelNumber="8">8</pat:OCRConfidenceData></pat:HeaderText></pat:BoundaryData><pat:BoundaryData><pat:HeaderText>KIRBY Reference Number 503584</pat:HeaderText></pat:BoundaryData>
<?PageStart number="8"?><pat:BoundaryData><pat:HeaderText>KEG B<pat:OCRConfidenceData pat:levelNumber="6666">/010</pat:OCRConfidenceData></pat:HeaderText></pat:BoundaryData><pat:PartName pat:idref="PN-00030">vehicle </pat:PartName><pat:PartNumber pat:id="PN-00030">202</pat:PartNumber> <pat:PartName pat:idref="PN-00031">hitch assembly </pat:PartName><pat:PartNumber pat:id="PN-00031">204</pat:PartNumber> load</pat:P>
<pat:Heading pat:id="h-8">[00031]  DETAILED DESCRIPTION OF THE EXEMPLARY EMBODIMENTS</pat:Heading>
<pat:P pat:id="p-32" pat:pNumber="32"><pat:OCRConfidenceData pat:levelNumber="5">[</pat:OCRConfidenceData>00032<pat:OCRConfidenceData pat:levelNumber="5">]</pat:OCRConfidenceData>  The following detailed description is merely exemplary in nature and is not intended to limit the described embodiments or the application and uses of the described embodiments. As used herein, the word "exemplary" or "illustrative" means "serving as an example, instance, or illustration." Any implementation described herein as "exemplary" or "illustrative" is not necessarily to be construed as preferred or advantageous over other implementations. All of the implementations described below are exemplary implementations provided to enable persons skilled in the art to make or use the embodiments of the disclosure and are not intended to limit the scope of the disclosure, which is defined by the claims. For purposes of description herein, the terms "upper," "lower," "left," "rear," "right," "front," "vertical," "horizontal," and derivatives thereof shall relate to the examples as oriented in the drawings. Furthermore, there is no intention to be bound by any expressed or implied theory presented in the preceding technical field, background, brief summary or the following detailed description. It is also to be understood that the specific devices and processes illustrated in the attached drawings, and described in the following specification, are simply exemplary embodiments (examples), aspects and/or concepts defined in the appended claims.</pat:P>
<pat:P pat:id="p-33" pat:pNumber="33">Hence, specific dimensions and other physical characteristics relating to the embodiments disclosed herein are not to be considered as limiting, unless the claims expressly state otherwise. It is understood that "at least one" is equivalent to <pat:OCRConfidenceData pat:levelNumber="6866">"a".</pat:OCRConfidenceData></pat:P>
<pat:P pat:id="p-34" pat:pNumber="34">[00033]  FIGS. <pat:OCRConfidenceData pat:levelNumber="1">I</pat:OCRConfidenceData>A to <pat:OCRConfidenceData pat:levelNumber="5">1</pat:OCRConfidenceData>D (Sheet 1) depicts a side view of schematic examples of an <pat:PartName pat:idref="PN-00032">apparatus </pat:PartName><pat:PartNumber pat:id="PN-00032">100</pat:PartNumber> for use with a <pat:PartName pat:idref="PN-00033">vehicle </pat:PartName><pat:PartNumber pat:id="PN-00033">200</pat:PartNumber>.</pat:P>
<pat:BoundaryData><pat:HeaderText><pat:OCRConfidenceData pat:levelNumber="8">9</pat:OCRConfidenceData></pat:HeaderText></pat:BoundaryData>
<pat:BoundaryData><pat:HeaderText><pat:OCRConfidenceData pat:levelNumber="86866">KIRBY</pat:OCRConfidenceData> <pat:OCRConfidenceData pat:levelNumber="8">R</pat:OCRConfidenceData>eference Number 503584</pat:HeaderText></pat:BoundaryData>
<pat:P pat:id="p-35" pat:pNumber="35">
<?PageStart number="9"?></pat:P>
<pat:BoundaryData><pat:HeaderText>KEG <pat:OCRConfidenceData pat:levelNumber="86666">B/010</pat:OCRConfidenceData></pat:HeaderText></pat:BoundaryData>
<pat:P pat:id="p-36" pat:pNumber="36">[00034<pat:OCRConfidenceData pat:levelNumber="5">]</pat:OCRConfidenceData>  Hereafter, it will be appreciated that the description identifies and describes options and variations of the <pat:PartName pat:idref="PN-00034">apparatus </pat:PartName><pat:PartNumber pat:id="PN-00034">100</pat:PartNumber>, regardless of whether the description identifies the options and<pat:OCRConfidenceData pat:levelNumber="5">/</pat:OCRConfidenceData>or variations of the <pat:PartName pat:idref="PN-00035">apparatus </pat:PartName><pat:PartNumber pat:id="PN-00035">100</pat:PartNumber> by way of explicit terms and/or non-explicit terms.</pat:P>
<pat:P pat:id="p-37" pat:pNumber="37">[00035]  In accordance with a first general option, the <pat:PartName pat:idref="PN-00036">apparatus </pat:PartName><pat:PartNumber pat:id="PN-00036">100</pat:PartNumber> is for use with the <pat:PartName pat:idref="PN-00037">vehicle </pat:PartName><pat:PartNumber pat:id="PN-00037">2<pat:OCRConfidenceData pat:levelNumber="5">0</pat:OCRConfidenceData>0</pat:PartNumber> having a <pat:PartName pat:idref="PN-00038">hitch assembly </pat:PartName><pat:PartNumber pat:id="PN-00038">202</pat:PartNumber>. In this general option, the <pat:PartName pat:idref="PN-00039">apparatus </pat:PartName><pat:PartNumber pat:id="PN-00039">100</pat:PartNumber> is sold as an after-market item to existing vehicles already deployed to the public at large. The <pat:PartName pat:idref="PN-00040">apparatus </pat:PartName><pat:PartNumber pat:id="PN-00040">100</pat:PartNumber> includes (and is not limited to) a <pat:PartName pat:idref="PN-00041">frame assembly </pat:PartName><pat:PartNumber pat:id="PN-00041">102</pat:PartNumber> configured to facilitate secured connection with the <pat:PartName pat:idref="PN-00042">hitch assembly </pat:PartName><pat:PartNumber pat:id="PN-00042">202</pat:PartNumber> of the <pat:PartName pat:idref="PN-00043">vehicle </pat:PartName><pat:PartNumber pat:id="PN-00043">200</pat:PartNumber>. The <pat:PartName pat:idref="PN-00044">apparatus </pat:PartName><pat:PartNumber pat:id="PN-00044">100</pat:PartNumber> also includes a <pat:PartName pat:idref="PN-00045">powered-actuator assembly </pat:PartName><pat:PartNumber pat:id="PN-00045">104</pat:PartNumber> configured to be powered by a power source. The <pat:PartName pat:idref="PN-00046">powered-actuator assembly </pat:PartName><pat:PartNumber pat:id="PN-00046">104</pat:PartNumber> is also configured to move the <pat:PartName pat:idref="PN-00047">frame assembly </pat:PartName><pat:PartNumber pat:id="PN-00047">102</pat:PartNumber> relative to the <pat:PartName pat:idref="PN-00048">hitch assembly </pat:PartName><pat:PartNumber pat:id="PN-00048">202</pat:PartNumber> of the <pat:PartName pat:idref="PN-00049">vehicle </pat:PartName><pat:PartNumber pat:id="PN-00049">20<pat:OCRConfidenceData pat:levelNumber="5">0</pat:OCRConfidenceData></pat:PartNumber>. The <pat:PartName pat:idref="PN-00050">frame assembly </pat:PartName><pat:PartNumber pat:id="PN-00050">102</pat:PartNumber> is moved by the <pat:PartName pat:idref="PN-00051">powered-actuator assembly </pat:PartName><pat:PartNumber pat:id="PN-00051">104</pat:PartNumber> in such a way as to facilitate secured connection between the <pat:PartName pat:idref="PN-00052">frame assembly </pat:PartName><pat:PartNumber pat:id="PN-00052">102</pat:PartNumber> and the hitch assembly</pat:P>
<pat:Heading pat:id="h-9">202.</pat:Heading>
<pat:P pat:id="p-38" pat:pNumber="38">[00036]  In accordance with a second general option, the <pat:PartName pat:idref="PN-00053">apparatus </pat:PartName><pat:PartNumber pat:id="PN-00053">100</pat:PartNumber> is installed (mounted to) vehicles during the manufacturing of the vehicles, and then the combination of the <pat:PartName pat:idref="PN-00054">vehicle </pat:PartName><pat:PartNumber pat:id="PN-00054">200</pat:PartNumber> and the <pat:PartName pat:idref="PN-00055">apparatus </pat:PartName><pat:PartNumber pat:id="PN-00055">100</pat:PartNumber> are sold as an integrated product to the public at large. The <pat:PartName pat:idref="PN-00056">apparatus </pat:PartName><pat:PartNumber pat:id="PN-00056">100</pat:PartNumber> includes a combination of the <pat:PartName pat:idref="PN-00057">vehicle </pat:PartName><pat:PartNumber pat:id="PN-00057">200</pat:PartNumber>, the <pat:PartName pat:idref="PN-00058">frame assembly </pat:PartName><pat:PartNumber pat:id="PN-00058">102</pat:PartNumber> and the <pat:PartName pat:idref="PN-00059">powered-actuator assembly </pat:PartName><pat:PartNumber pat:id="PN-00059">104</pat:PartNumber>.</pat:P>
<pat:P pat:id="p-39" pat:pNumber="39"><pat:OCRConfidenceData pat:levelNumber="885">[00</pat:OCRConfidenceData>037]  In view of the foregoing, a method of operating the <pat:PartName pat:idref="PN-00060">hitch assembly </pat:PartName><pat:PartNumber pat:id="PN-00060">2<pat:OCRConfidenceData pat:levelNumber="5">0</pat:OCRConfidenceData>2</pat:PartNumber> of the <pat:PartName pat:idref="PN-00061">vehicle </pat:PartName><pat:PartNumber pat:id="PN-00061">200</pat:PartNumber> is appreciated. The method includes (and is not limited to) powering the power source of the <pat:PartName pat:idref="PN-00062">powered-actuator assembly </pat:PartName><pat:PartNumber pat:id="PN-00062">104</pat:PartNumber> in such a way that the <pat:PartName pat:idref="PN-00063">powered- actuator assembly </pat:PartName><pat:PartNumber pat:id="PN-00063">104</pat:PartNumber> moves the <pat:PartName pat:idref="PN-00064">frame assembly </pat:PartName><pat:PartNumber pat:id="PN-00064">102</pat:PartNumber> relative to the <pat:PartName pat:idref="PN-00065">hitch assembly </pat:PartName><pat:PartNumber pat:id="PN-00065">202</pat:PartNumber> of the <pat:PartName pat:idref="PN-00066">vehicle </pat:PartName><pat:PartNumber pat:id="PN-00066">200</pat:PartNumber> in such a way as to facilitate secured connection between the <pat:PartName pat:idref="PN-00067">frame assembly </pat:PartName><pat:PartNumber pat:id="PN-00067">102</pat:PartNumber> and the <pat:PartName pat:idref="PN-00068">hitch assembly </pat:PartName><pat:PartNumber pat:id="PN-00068">202</pat:PartNumber>. The <pat:PartName pat:idref="PN-00069">frame assembly </pat:PartName><pat:PartNumber pat:id="PN-00069">102</pat:PartNumber> is configured to be load bearing (that is, to bear the load 204).</pat:P>
<pat:BoundaryData><pat:HeaderText><pat:OCRConfidenceData pat:levelNumber="68">10</pat:OCRConfidenceData></pat:HeaderText></pat:BoundaryData>
<pat:BoundaryData><pat:HeaderText><pat:OCRConfidenceData pat:levelNumber="84">Ki</pat:OCRConfidenceData>RBY Reference Number 503584</pat:HeaderText></pat:BoundaryData>
<pat:P pat:id="p-40" pat:pNumber="40">
<?PageStart number="10"?></pat:P>
<pat:BoundaryData><pat:HeaderText><pat:OCRConfidenceData pat:levelNumber="8">K</pat:OCRConfidenceData> EG B<pat:OCRConfidenceData pat:levelNumber="6666">/010</pat:OCRConfidenceData></pat:HeaderText></pat:BoundaryData>
<pat:P pat:id="p-41" pat:pNumber="41">[00038]  The <pat:PartName pat:idref="PN-00070">frame assembly </pat:PartName><pat:PartNumber pat:id="PN-00070">102</pat:PartNumber> is defined as an assembly that is configured to receive and to bear (to support) the <pat:PartName pat:idref="PN-00071">load </pat:PartName><pat:PartNumber pat:id="PN-00071">204</pat:PartNumber> once the <pat:PartName pat:idref="PN-00072">frame assembly </pat:PartName><pat:PartNumber pat:id="PN-00072">102</pat:PartNumber> receives and supports the <pat:PartName pat:idref="PN-00073">load </pat:PartName><pat:PartNumber pat:id="PN-00073">204</pat:PartNumber>. A frame is defined as a rigid structure formed of relatively slender or smaller pieces, joined so as to surround sizable empty spaces or nonstructural panels. The <pat:PartName pat:idref="PN-00074">load </pat:PartName><pat:PartNumber pat:id="PN-00074">204</pat:PartNumber> is defined as a heavy or bulky object (alive or not alive) that can be carried or is about to be carried.</pat:P>
<pat:P pat:id="p-42" pat:pNumber="42">[00039]  The <pat:PartName pat:idref="PN-00075">frame assembly </pat:PartName><pat:PartNumber pat:id="PN-00075">102</pat:PartNumber> is further configured to support a <pat:PartName pat:idref="PN-00076"><pat:OCRConfidenceData pat:levelNumber="5">l</pat:OCRConfidenceData>oad </pat:PartName><pat:PartNumber pat:id="PN-00076">204</pat:PartNumber> once the <pat:PartName pat:idref="PN-00077">frame assembly </pat:PartName><pat:PartNumber pat:id="PN-00077">102</pat:PartNumber> receives the <pat:PartName pat:idref="PN-00078">load </pat:PartName><pat:PartNumber pat:id="PN-00078">204</pat:PartNumber>. The <pat:PartName pat:idref="PN-00079">powered-actuator assembly </pat:PartName><pat:PartNumber pat:id="PN-00079">104</pat:PartNumber> is further configured to move the <pat:PartName pat:idref="PN-00080">frame assembly </pat:PartName><pat:PartNumber pat:id="PN-00080">102</pat:PartNumber> supporting the <pat:PartName pat:idref="PN-00081">load </pat:PartName><pat:PartNumber pat:id="PN-00081">204</pat:PartNumber> relative to the <pat:PartName pat:idref="PN-00082">hitch assembly </pat:PartName><pat:PartNumber pat:id="PN-00082">202</pat:PartNumber> of the <pat:PartName pat:idref="PN-00083">vehicle </pat:PartName><pat:PartNumber pat:id="PN-00083">200</pat:PartNumber>. The <pat:PartName pat:idref="PN-00084">powered-actuator assembly </pat:PartName><pat:PartNumber pat:id="PN-00084">104</pat:PartNumber> is configured to move the <pat:PartName pat:idref="PN-00085">frame assembly </pat:PartName><pat:PartNumber pat:id="PN-00085">102</pat:PartNumber> supporting the <pat:PartName pat:idref="PN-00086">load </pat:PartName><pat:PartNumber pat:id="PN-00086">204</pat:PartNumber> in such a way as to facilitate secured connection between the <pat:PartName pat:idref="PN-00087">frame assembly </pat:PartName><pat:PartNumber pat:id="PN-00087">102</pat:PartNumber> and the <pat:PartName pat:idref="PN-00088">hitch assembly </pat:PartName><pat:PartNumber pat:id="PN-00088">202</pat:PartNumber>.</pat:P>
<pat:P pat:id="p-43" pat:pNumber="43">[00040]  More specifically, the <pat:PartName pat:idref="PN-00089">powered-actuator assembly </pat:PartName><pat:PartNumber pat:id="PN-00089">104</pat:PartNumber> is further configured to move the <pat:PartName pat:idref="PN-00090">frame assembly </pat:PartName><pat:PartNumber pat:id="PN-00090">102</pat:PartNumber> between a hitch-connection position (as shown in FIG. <pat:OCRConfidenceData pat:levelNumber="588">1B)</pat:OCRConfidenceData> and a non-hitch position (as shown in FIG. <pat:OCRConfidenceData pat:levelNumber="4">l</pat:OCRConfidenceData>A). In the hitch-connection position, the <pat:PartName pat:idref="PN-00091">frame assembly </pat:PartName><pat:PartNumber pat:id="PN-00091">102</pat:PartNumber> is positioned for operative secured connection to the <pat:PartName pat:idref="PN-00092">hitch assembly </pat:PartName><pat:PartNumber pat:id="PN-00092">202</pat:PartNumber> in such a way that the <pat:PartName pat:idref="PN-00093">vehicle </pat:PartName><pat:PartNumber pat:id="PN-00093">200</pat:PartNumber> fully supports the <pat:PartName pat:idref="PN-00094">frame assembly </pat:PartName><pat:PartNumber pat:id="PN-00094">102</pat:PartNumber> receiving the <pat:PartName pat:idref="PN-00095">load </pat:PartName><pat:PartNumber pat:id="PN-00095">204</pat:PartNumber>. In the non-hitch position, the <pat:PartName pat:idref="PN-00096">frame assembly </pat:PartName><pat:PartNumber pat:id="PN-00096">102</pat:PartNumber> is spaced apart from the <pat:PartName pat:idref="PN-00097">hitch assembly </pat:PartName><pat:PartNumber pat:id="PN-00097">202</pat:PartNumber> in such a way that the <pat:PartName pat:idref="PN-00098">vehicle </pat:PartName><pat:PartNumber pat:id="PN-00098">200</pat:PartNumber> does not support the <pat:PartName pat:idref="PN-00099">frame assembly </pat:PartName><pat:PartNumber pat:id="PN-00099">102</pat:PartNumber> receiving the <pat:PartName pat:idref="PN-00100">load </pat:PartName><pat:PartNumber pat:id="PN-00100">204</pat:PartNumber>.</pat:P>
<pat:P pat:id="p-44" pat:pNumber="44">[00041] The <pat:PartName pat:idref="PN-00101">frame assembly </pat:PartName><pat:PartNumber pat:id="PN-00101">102</pat:PartNumber> includes a <pat:PartName pat:idref="PN-00102">hitch-interface assembly </pat:PartName><pat:PartNumber pat:id="PN-00102">106</pat:PartNumber>. The <pat:PartName pat:idref="PN-00103">hitch- interface assembly </pat:PartName><pat:PartNumber pat:id="PN-00103">106</pat:PartNumber> is securely coupled to the <pat:PartName pat:idref="PN-00104">frame assembly </pat:PartName><pat:PartNumber pat:id="PN-00104">102</pat:PartNumber>. The <pat:PartName pat:idref="PN-00105">hitch- interface assembly </pat:PartName><pat:PartNumber pat:id="PN-00105">106</pat:PartNumber> is configured to facilitate secured connection with the <pat:PartName pat:idref="PN-00106">hitch assembly </pat:PartName><pat:PartNumber pat:id="PN-00106">202</pat:PartNumber> of the <pat:PartName pat:idref="PN-00107">vehicle </pat:PartName><pat:PartNumber pat:id="PN-00107">200</pat:PartNumber>. The <pat:PartName pat:idref="PN-00108">powered-actuator assembly </pat:PartName><pat:PartNumber pat:id="PN-00108">104</pat:PartNumber> is also configured to move the <pat:PartName pat:idref="PN-00109">frame assembly </pat:PartName><pat:PartNumber pat:id="PN-00109">102</pat:PartNumber> supporting the <pat:PartName pat:idref="PN-00110">load </pat:PartName><pat:PartNumber pat:id="PN-00110">204</pat:PartNumber> relative to the <pat:PartName pat:idref="PN-00111">hitch assembly </pat:PartName><pat:PartNumber pat:id="PN-00111">202</pat:PartNumber> of the <pat:PartName pat:idref="PN-00112">vehicle </pat:PartName><pat:PartNumber pat:id="PN-00112">200</pat:PartNumber>. The <pat:PartName pat:idref="PN-00113">powered-actuator assembly </pat:PartName><pat:PartNumber pat:id="PN-00113">104</pat:PartNumber> moves (in use) the <pat:BoundaryData><pat:HeaderText><pat:OCRConfidenceData pat:levelNumber="55">11</pat:OCRConfidenceData></pat:HeaderText></pat:BoundaryData><pat:BoundaryData><pat:HeaderText>KIRBY Reference Number 503584</pat:HeaderText></pat:BoundaryData>
<?PageStart number="11"?><pat:BoundaryData><pat:HeaderText>KEG <pat:OCRConfidenceData pat:levelNumber="86666">B/010</pat:OCRConfidenceData></pat:HeaderText></pat:BoundaryData><pat:PartName pat:idref="PN-00114">frame assembly </pat:PartName><pat:PartNumber pat:id="PN-00114">102</pat:PartNumber> in such a way as to facilitate secured connection between the <pat:PartName pat:idref="PN-00115">hitch- interface assembly </pat:PartName><pat:PartNumber pat:id="PN-00115">106</pat:PartNumber> of the <pat:PartName pat:idref="PN-00116">frame assembly </pat:PartName><pat:PartNumber pat:id="PN-00116">102</pat:PartNumber> and the <pat:PartName pat:idref="PN-00117">hitch assembly </pat:PartName><pat:PartNumber pat:id="PN-00117">202</pat:PartNumber>.</pat:P>
<pat:P pat:id="p-45" pat:pNumber="45">[00042]  Referring to FIG. <pat:OCRConfidenceData pat:levelNumber="2">I</pat:OCRConfidenceData>A, the <pat:PartName pat:idref="PN-00118">load </pat:PartName><pat:PartNumber pat:id="PN-00118">204</pat:PartNumber> is received by and supported by the <pat:PartName pat:idref="PN-00119">frame assembly </pat:PartName><pat:PartNumber pat:id="PN-00119">102</pat:PartNumber>. The <pat:PartName pat:idref="PN-00120">vehicle </pat:PartName><pat:PartNumber pat:id="PN-00120">200</pat:PartNumber> is moved close to the <pat:PartName pat:idref="PN-00121">apparatus </pat:PartName><pat:PartNumber pat:id="PN-00121">100</pat:PartNumber>. The <pat:PartName pat:idref="PN-00122">powered- actuator assembly </pat:PartName><pat:PartNumber pat:id="PN-00122">104</pat:PartNumber> is connected, via an <pat:PartName pat:idref="PN-00123">electric connector </pat:PartName><pat:PartNumber pat:id="PN-00123">146</pat:PartNumber>, to a power source such as an electric circuit of the <pat:PartName pat:idref="PN-00124">vehicle </pat:PartName><pat:PartNumber pat:id="PN-00124">200</pat:PartNumber> connected to a battery (not depicted and known) of the <pat:PartName pat:idref="PN-00125">vehicle </pat:PartName><pat:PartNumber pat:id="PN-00125">200</pat:PartNumber>. A <pat:PartName pat:idref="PN-00126">hitch-extender assembly </pat:PartName><pat:PartNumber pat:id="PN-00126">162</pat:PartNumber> is fixedly attached to the <pat:PartName pat:idref="PN-00127">hitch assembly </pat:PartName><pat:PartNumber pat:id="PN-00127">202</pat:PartNumber>. The <pat:PartName pat:idref="PN-00128">frame assembly </pat:PartName><pat:PartNumber pat:id="PN-00128">102</pat:PartNumber> is adapted to receive the <pat:PartName pat:idref="PN-00129">hitch-extender assembly </pat:PartName><pat:PartNumber pat:id="PN-00129">162</pat:PartNumber> via the <pat:PartName pat:idref="PN-00130">hitch-interface assembly </pat:PartName><pat:PartNumber pat:id="PN-00130">106</pat:PartNumber>. The <pat:PartName pat:idref="PN-00131">powered-actuator assembly </pat:PartName><pat:PartNumber pat:id="PN-00131">104</pat:PartNumber> is power actuated to move the <pat:PartName pat:idref="PN-00132">frame assembly </pat:PartName><pat:PartNumber pat:id="PN-00132">102</pat:PartNumber> either up or down (along a <pat:PartName pat:idref="PN-00133">direction </pat:PartName><pat:PartNumber pat:id="PN-00133">206)</pat:PartNumber> relative to the <pat:PartName pat:idref="PN-00134">hitch assembly </pat:PartName><pat:PartNumber pat:id="PN-00134">202</pat:PartNumber> until the <pat:PartName pat:idref="PN-00135">hitch-extender assembly </pat:PartName><pat:PartNumber pat:id="PN-00135">162</pat:PartNumber> is horizontally level with the <pat:PartName pat:idref="PN-00136">hitch-interface assembly </pat:PartName><pat:PartNumber pat:id="PN-00136">106</pat:PartNumber>. The <pat:PartName pat:idref="PN-00137">frame assembly </pat:PartName><pat:PartNumber pat:id="PN-00137">102</pat:PartNumber> is moved toward (along a <pat:PartName pat:idref="PN-00138">direction </pat:PartName><pat:PartNumber pat:id="PN-00138">208)</pat:PartNumber> the <pat:PartName pat:idref="PN-00139">vehicle </pat:PartName><pat:PartNumber pat:id="PN-00139">200</pat:PartNumber> so the <pat:PartName pat:idref="PN-00140">hitch-extender assembly </pat:PartName><pat:PartNumber pat:id="PN-00140">162</pat:PartNumber> is slidably received by the <pat:PartName pat:idref="PN-00141">hitch-interface assembly </pat:PartName><pat:PartNumber pat:id="PN-00141">106</pat:PartNumber>. For the case where the <pat:PartName pat:idref="PN-00142">hitch-extender assembly </pat:PartName><pat:PartNumber pat:id="PN-00142">162</pat:PartNumber> is not horizontally level with the <pat:PartName pat:idref="PN-00143">hitch-interface assembly </pat:PartName><pat:PartNumber pat:id="PN-00143">106</pat:PartNumber>, instances of the <pat:PartName pat:idref="PN-00144">powered-actuator assembly </pat:PartName><pat:PartNumber pat:id="PN-00144">104</pat:PartNumber> (located close to (proximate to) the <pat:PartName pat:idref="PN-00145">vehicle </pat:PartName><pat:PartNumber pat:id="PN-00145">200)</pat:PartNumber> may be actuated independently from the instances of the <pat:PartName pat:idref="PN-00146">powered-actuator assembly </pat:PartName><pat:PartNumber pat:id="PN-00146">104</pat:PartNumber> (located further away from (distal of) the vehicle 200). In this manner, horizontal alignment between the <pat:PartName pat:idref="PN-00147">hitch-extender assembly </pat:PartName><pat:PartNumber pat:id="PN-00147">162</pat:PartNumber> and the <pat:PartName pat:idref="PN-00148">hitch-interface assembly </pat:PartName><pat:PartNumber pat:id="PN-00148">106</pat:PartNumber> may be accommodated or achieved by independent actuation of the instances of the <pat:PartName pat:idref="PN-00149">powered-actuator assembly </pat:PartName><pat:PartNumber pat:id="PN-00149">104</pat:PartNumber>.</pat:P>
<pat:P pat:id="p-46" pat:pNumber="46">[00043]  Referring to FIG. <pat:OCRConfidenceData pat:levelNumber="686">1B,</pat:OCRConfidenceData> the <pat:PartName pat:idref="PN-00150">apparatus </pat:PartName><pat:PartNumber pat:id="PN-00150">100</pat:PartNumber> is moved along a <pat:PartName pat:idref="PN-00151">direction </pat:PartName><pat:PartNumber pat:id="PN-00151">210</pat:PartNumber> in such a way that the <pat:PartName pat:idref="PN-00152">hitch-extender assembly </pat:PartName><pat:PartNumber pat:id="PN-00152">162</pat:PartNumber> is received by the <pat:PartName pat:idref="PN-00153">hitch-interface assembly </pat:PartName><pat:PartNumber pat:id="PN-00153">106</pat:PartNumber>, and the instances of the <pat:PartName pat:idref="PN-00154">wheel assembly </pat:PartName><pat:PartNumber pat:id="PN-00154">142</pat:PartNumber> remain in contact with the ground. In FIG.</pat:P>
<pat:P pat:id="p-47" pat:pNumber="47"><pat:OCRConfidenceData pat:levelNumber="5">1</pat:OCRConfidenceData>B, the <pat:PartName pat:idref="PN-00155">hitch-extender assembly </pat:PartName><pat:PartNumber pat:id="PN-00155">162</pat:PartNumber> is hidden from view.</pat:P>
<pat:P pat:id="p-48" pat:pNumber="48">[00044]  Referring to FIG. <pat:OCRConfidenceData pat:levelNumber="5">1</pat:OCRConfidenceData>C, the <pat:PartName pat:idref="PN-00156">powered-actuator assembly </pat:PartName><pat:PartNumber pat:id="PN-00156">104</pat:PartNumber> is powered in such a way that the instances of the <pat:PartName pat:idref="PN-00157">wheel assembly </pat:PartName><pat:PartNumber pat:id="PN-00157">142</pat:PartNumber> are moved along a <pat:PartName pat:idref="PN-00158">direction </pat:PartName><pat:PartNumber pat:id="PN-00158">212</pat:PartNumber> to a <pat:BoundaryData><pat:HeaderText><pat:OCRConfidenceData pat:levelNumber="68">12</pat:OCRConfidenceData></pat:HeaderText></pat:BoundaryData><pat:BoundaryData><pat:HeaderText>KIRBY Reference Number 503584</pat:HeaderText></pat:BoundaryData>
<?PageStart number="12"?><pat:BoundaryData><pat:HeaderText>KEGB/01<pat:OCRConfidenceData pat:levelNumber="5">0</pat:OCRConfidenceData></pat:HeaderText></pat:BoundaryData>wheel-retracted position in which the instances of the <pat:PartName pat:idref="PN-00159">wheel assembly </pat:PartName><pat:PartNumber pat:id="PN-00159">142</pat:PartNumber> are spaced apart from the ground.</pat:P>
<pat:P pat:id="p-49" pat:pNumber="49">[00045]  Referring to FIG. <pat:OCRConfidenceData pat:levelNumber="5">1</pat:OCRConfidenceData>D, the instances of the <pat:PartName pat:idref="PN-00160">wheel assembly </pat:PartName><pat:PartNumber pat:id="PN-00160">142</pat:PartNumber> may be removed (detached), if so desired, from the <pat:PartName pat:idref="PN-00161">apparatus </pat:PartName><pat:PartNumber pat:id="PN-00161">100</pat:PartNumber>. The instances of the <pat:PartName pat:idref="PN-00162">wheel assembly </pat:PartName><pat:PartNumber pat:id="PN-00162">142</pat:PartNumber> may be stored as depicted in a wheel-storage position if so desired.</pat:P>
<pat:P pat:id="p-50" pat:pNumber="50"><pat:OCRConfidenceData pat:levelNumber="5">[</pat:OCRConfidenceData>00046]  According to one example, the <pat:PartName pat:idref="PN-00163">apparatus </pat:PartName><pat:PartNumber pat:id="PN-00163">100</pat:PartNumber> provides the <pat:PartName pat:idref="PN-00164">frame assembly </pat:PartName><pat:PartNumber pat:id="PN-00164">102</pat:PartNumber> having instances of the <pat:PartName pat:idref="PN-00165">wheel assembly </pat:PartName><pat:PartNumber pat:id="PN-00165">142</pat:PartNumber> that are power extendable at the four corners of the <pat:PartName pat:idref="PN-00166">frame assembly </pat:PartName><pat:PartNumber pat:id="PN-00166">102</pat:PartNumber>. The <pat:PartName pat:idref="PN-00167">wheel assembly </pat:PartName><pat:PartNumber pat:id="PN-00167">142</pat:PartNumber> go up to allow separation, putting weight on the <pat:PartName pat:idref="PN-00168">hitch assembly </pat:PartName><pat:PartNumber pat:id="PN-00168">202</pat:PartNumber> of the <pat:PartName pat:idref="PN-00169">vehicle </pat:PartName><pat:PartNumber pat:id="PN-00169">200</pat:PartNumber>, then go down to allow the <pat:PartName pat:idref="PN-00170">frame assembly </pat:PartName><pat:PartNumber pat:id="PN-00170">102</pat:PartNumber> to roll away from the <pat:PartName pat:idref="PN-00171">hitch assembly </pat:PartName><pat:PartNumber pat:id="PN-00171">202</pat:PartNumber> and move the <pat:PartName pat:idref="PN-00172">load </pat:PartName><pat:PartNumber pat:id="PN-00172">204</pat:PartNumber> to any position on site with reduced effort. In accordance with a case where the <pat:PartName pat:idref="PN-00173">frame assembly </pat:PartName><pat:PartNumber pat:id="PN-00173">102</pat:PartNumber> includes the instances of the <pat:PartName pat:idref="PN-00174">wheel assembly </pat:PartName><pat:PartNumber pat:id="PN-00174">142</pat:PartNumber> positioned at the four corners of the <pat:PartName pat:idref="PN-00175">frame assembly </pat:PartName><pat:PartNumber pat:id="PN-00175">102</pat:PartNumber>, the instances of the <pat:PartName pat:idref="PN-00176">wheel assembly </pat:PartName><pat:PartNumber pat:id="PN-00176">142</pat:PartNumber> may be extended (and retracted) by any suitable powered actuator (such as, an <pat:PartName pat:idref="PN-00177">electric actuator </pat:PartName><pat:PartNumber pat:id="PN-00177">149</pat:PartNumber> as depicted in FIG. 2, a mechanical actuator, a pneumatic actuator or a hydraulic actuator). The attachment of the <pat:PartName pat:idref="PN-00178">frame assembly </pat:PartName><pat:PartNumber pat:id="PN-00178">102</pat:PartNumber> to the <pat:PartName pat:idref="PN-00179">hitch assembly </pat:PartName><pat:PartNumber pat:id="PN-00179">202</pat:PartNumber> of the <pat:PartName pat:idref="PN-00180">vehicle </pat:PartName><pat:PartNumber pat:id="PN-00180">200</pat:PartNumber> can be managed by extending or retracting the <pat:PartName pat:idref="PN-00181">wheel assembly </pat:PartName><pat:PartNumber pat:id="PN-00181">142</pat:PartNumber>. The electric source for raising and lowering the <pat:PartName pat:idref="PN-00182">wheel assembly </pat:PartName><pat:PartNumber pat:id="PN-00182">142</pat:PartNumber> is available from a 12 volt battery or using the battery of the <pat:PartName pat:idref="PN-00183">vehicle </pat:PartName><pat:PartNumber pat:id="PN-00183">200</pat:PartNumber> by connecting the <pat:PartName pat:idref="PN-00184">frame assembly </pat:PartName><pat:PartNumber pat:id="PN-00184">102</pat:PartNumber> with a common trailer power plug which allows the <pat:PartName pat:idref="PN-00185">vehicle </pat:PartName><pat:PartNumber pat:id="PN-00185">200</pat:PartNumber> to supply available electric power. Once the <pat:PartName pat:idref="PN-00186">hitch assembly </pat:PartName><pat:PartNumber pat:id="PN-00186">202</pat:PartNumber> is securely engaged to the <pat:PartName pat:idref="PN-00187">frame assembly </pat:PartName><pat:PartNumber pat:id="PN-00187">102</pat:PartNumber>, and the instances of the <pat:PartName pat:idref="PN-00188">wheel assembly </pat:PartName><pat:PartNumber pat:id="PN-00188">142</pat:PartNumber> may be retracted, then the <pat:PartName pat:idref="PN-00189">frame assembly </pat:PartName><pat:PartNumber pat:id="PN-00189">102</pat:PartNumber> receives the <pat:PartName pat:idref="PN-00190">load </pat:PartName><pat:PartNumber pat:id="PN-00190">204</pat:PartNumber>, and the <pat:PartName pat:idref="PN-00191">frame assembly </pat:PartName><pat:PartNumber pat:id="PN-00191">102</pat:PartNumber> may be moved by the <pat:PartName pat:idref="PN-00192">vehicle </pat:PartName><pat:PartNumber pat:id="PN-00192">200</pat:PartNumber>. When the <pat:PartName pat:idref="PN-00193">vehicle </pat:PartName><pat:PartNumber pat:id="PN-00193">200</pat:PartNumber> arrives at a destination, the instances of the <pat:PartName pat:idref="PN-00194">wheel assembly </pat:PartName><pat:PartNumber pat:id="PN-00194">142</pat:PartNumber> may be lowered taking the weight of the <pat:PartName pat:idref="PN-00195">load </pat:PartName><pat:PartNumber pat:id="PN-00195">204</pat:PartNumber>, and then the <pat:PartName pat:idref="PN-00196">frame assembly </pat:PartName><pat:PartNumber pat:id="PN-00196">102</pat:PartNumber> may be unhitched and rolled away from the <pat:PartName pat:idref="PN-00197">vehicle </pat:PartName><pat:PartNumber pat:id="PN-00197">200</pat:PartNumber>. Alternatively, for the case where the instances of the <pat:PartName pat:idref="PN-00198">wheel assembly </pat:PartName><pat:PartNumber pat:id="PN-00198">142</pat:PartNumber> are not included with the <pat:PartName pat:idref="PN-00199">apparatus </pat:PartName><pat:PartNumber pat:id="PN-00199">100</pat:PartNumber>, then the <pat:PartName pat:idref="PN-00200">frame assembly </pat:PartName><pat:PartNumber pat:id="PN-00200">102</pat:PartNumber> may be deposited to the ground (as is).</pat:P>
<pat:BoundaryData><pat:HeaderText><pat:OCRConfidenceData pat:levelNumber="88">13</pat:OCRConfidenceData></pat:HeaderText></pat:BoundaryData>
<pat:BoundaryData><pat:HeaderText>KIRBY Reference Number 503584</pat:HeaderText></pat:BoundaryData>
<pat:P pat:id="p-51" pat:pNumber="51">
<?PageStart number="13"?></pat:P>
<pat:BoundaryData><pat:HeaderText>KEG<pat:OCRConfidenceData pat:levelNumber="88686">B/010</pat:OCRConfidenceData></pat:HeaderText></pat:BoundaryData>
<pat:P pat:id="p-52" pat:pNumber="52">[00047]  FIG. 2 <pat:PartName pat:idref="PN-00201">(Sheet </pat:PartName><pat:PartNumber pat:id="PN-00201">2)</pat:PartNumber> depicts a perspective view of a schematic example of the <pat:PartName pat:idref="PN-00202">apparatus </pat:PartName><pat:PartNumber pat:id="PN-00202">100</pat:PartNumber> of FIGS.1A to <pat:OCRConfidenceData pat:levelNumber="588">1D.</pat:OCRConfidenceData></pat:P>
<pat:P pat:id="p-53" pat:pNumber="53">[00048]  In accordance with the example depicted in FIG. 2, the <pat:PartName pat:idref="PN-00203">powered-actuator assembly </pat:PartName><pat:PartNumber pat:id="PN-00203">104</pat:PartNumber> is supported by and connected to the <pat:PartName pat:idref="PN-00204">frame assembly </pat:PartName><pat:PartNumber pat:id="PN-00204">102</pat:PartNumber>.</pat:P>
<pat:P pat:id="p-54" pat:pNumber="54">[00049] The <pat:PartName pat:idref="PN-00205">frame assembly </pat:PartName><pat:PartNumber pat:id="PN-00205">102</pat:PartNumber> includes a <pat:PartName pat:idref="PN-00206">load-support surface </pat:PartName><pat:PartNumber pat:id="PN-00206">120</pat:PartNumber> <pat:PartName pat:idref="PN-00207">and spaced-apart columns </pat:PartName><pat:PartNumber pat:id="PN-00207">122</pat:PartNumber>. The <pat:PartName pat:idref="PN-00208">spaced-apart columns </pat:PartName><pat:PartNumber pat:id="PN-00208">122</pat:PartNumber> are fixedly connected to and extend from the <pat:PartName pat:idref="PN-00209">load-support surface </pat:PartName><pat:PartNumber pat:id="PN-00209">120</pat:PartNumber>. Each instance of the <pat:PartName pat:idref="PN-00210">spaced-apart columns </pat:PartName><pat:PartNumber pat:id="PN-00210">122</pat:PartNumber> is configured to connect to an instance of the <pat:PartName pat:idref="PN-00211">powered-actuator assembly </pat:PartName><pat:PartNumber pat:id="PN-00211">104</pat:PartNumber>. Each instance of the <pat:PartName pat:idref="PN-00212">powered-actuator assembly </pat:PartName><pat:PartNumber pat:id="PN-00212">104</pat:PartNumber> has a <pat:PartName pat:idref="PN-00213">movable shaft </pat:PartName><pat:PartNumber pat:id="PN-00213">140</pat:PartNumber> configured to move in response to powered actuation of the <pat:PartName pat:idref="PN-00214">powered-actuator assembly </pat:PartName><pat:PartNumber pat:id="PN-00214">104</pat:PartNumber>. Each instance of the <pat:PartName pat:idref="PN-00215">movable shaft </pat:PartName><pat:PartNumber pat:id="PN-00215">140</pat:PartNumber> is movable between the hitch-connection position (as shown in FIG. <pat:OCRConfidenceData pat:levelNumber="5">1</pat:OCRConfidenceData>B) and a non-hitch position (as shown in FIG. <pat:OCRConfidenceData pat:levelNumber="4">l</pat:OCRConfidenceData>A). In the hitch- connection position, the <pat:PartName pat:idref="PN-00216">frame assembly </pat:PartName><pat:PartNumber pat:id="PN-00216">102</pat:PartNumber> is positioned for operative secured connection to the <pat:PartName pat:idref="PN-00217">hitch assembly </pat:PartName><pat:PartNumber pat:id="PN-00217">202</pat:PartNumber> in such a way that the <pat:PartName pat:idref="PN-00218">vehicle </pat:PartName><pat:PartNumber pat:id="PN-00218">200</pat:PartNumber> fully supports the <pat:PartName pat:idref="PN-00219">frame assembly </pat:PartName><pat:PartNumber pat:id="PN-00219">102</pat:PartNumber> receiving the <pat:PartName pat:idref="PN-00220">load </pat:PartName><pat:PartNumber pat:id="PN-00220">204</pat:PartNumber>. In the non-hitch position, the <pat:PartName pat:idref="PN-00221">frame assembly </pat:PartName><pat:PartNumber pat:id="PN-00221">102</pat:PartNumber> is spaced apart from the <pat:PartName pat:idref="PN-00222">hitch assembly </pat:PartName><pat:PartNumber pat:id="PN-00222">202</pat:PartNumber> in such a way that the <pat:PartName pat:idref="PN-00223">vehicle </pat:PartName><pat:PartNumber pat:id="PN-00223">200</pat:PartNumber> does not support the <pat:PartName pat:idref="PN-00224">frame assembly </pat:PartName><pat:PartNumber pat:id="PN-00224">102</pat:PartNumber> receiving the <pat:PartName pat:idref="PN-00225">load </pat:PartName><pat:PartNumber pat:id="PN-00225">204</pat:PartNumber> (the <pat:PartName pat:idref="PN-00226">vehicle </pat:PartName><pat:PartNumber pat:id="PN-00226">200</pat:PartNumber> and the <pat:PartName pat:idref="PN-00227">load </pat:PartName><pat:PartNumber pat:id="PN-00227">204</pat:PartNumber> are depicted in FIGS. <pat:OCRConfidenceData pat:levelNumber="4">l</pat:OCRConfidenceData>A, <pat:OCRConfidenceData pat:levelNumber="4">I</pat:OCRConfidenceData>B, <pat:OCRConfidenceData pat:levelNumber="5">1</pat:OCRConfidenceData>C).</pat:P>
<pat:P pat:id="p-55" pat:pNumber="55">[00050]  Each instance of an <pat:PartName pat:idref="PN-00228">actuator bracket </pat:PartName><pat:PartNumber pat:id="PN-00228">141</pat:PartNumber> is configured to mount the instances of the <pat:PartName pat:idref="PN-00229">powered-actuator assembly </pat:PartName><pat:PartNumber pat:id="PN-00229">104</pat:PartNumber> (along with respective instances of the <pat:PartName pat:idref="PN-00230">movable shaft </pat:PartName><pat:PartNumber pat:id="PN-00230"><pat:OCRConfidenceData pat:levelNumber="885">140</pat:OCRConfidenceData>)</pat:PartNumber> to respective instances of the <pat:PartName pat:idref="PN-00231">spaced-apart columns </pat:PartName><pat:PartNumber pat:id="PN-00231">122</pat:PartNumber>. Each instance of the <pat:PartName pat:idref="PN-00232">movable shaft </pat:PartName><pat:PartNumber pat:id="PN-00232">140</pat:PartNumber> includes a <pat:PartName pat:idref="PN-00233">leg assembly </pat:PartName><pat:PartNumber pat:id="PN-00233">143</pat:PartNumber> connected to a respective instance of the <pat:PartName pat:idref="PN-00234">movable shaft </pat:PartName><pat:PartNumber pat:id="PN-00234">140</pat:PartNumber>. Each instance of the <pat:PartName pat:idref="PN-00235">movable shaft </pat:PartName><pat:PartNumber pat:id="PN-00235">140</pat:PartNumber> includes a <pat:PartName pat:idref="PN-00236">wheel assembly </pat:PartName><pat:PartNumber pat:id="PN-00236">142</pat:PartNumber> mounted to a respective instance of the <pat:PartName pat:idref="PN-00237">movable shaft </pat:PartName><pat:PartNumber pat:id="PN-00237">140</pat:PartNumber>. Each instance of the <pat:PartName pat:idref="PN-00238">leg assembly </pat:PartName><pat:PartNumber pat:id="PN-00238">143</pat:PartNumber> extends from a respective instance of the <pat:PartName pat:idref="PN-00239">wheel assembly </pat:PartName><pat:PartNumber pat:id="PN-00239">142</pat:PartNumber>. Each instance of the <pat:PartName pat:idref="PN-00240">leg assembly </pat:PartName><pat:PartNumber pat:id="PN-00240">143</pat:PartNumber> is connected to a respective instance of the <pat:BoundaryData><pat:HeaderText><pat:OCRConfidenceData pat:levelNumber="88">14</pat:OCRConfidenceData></pat:HeaderText></pat:BoundaryData><pat:BoundaryData><pat:HeaderText>KIRBY Reference Number 503584</pat:HeaderText></pat:BoundaryData>
<?PageStart number="14"?><pat:BoundaryData><pat:HeaderText><pat:OCRConfidenceData pat:levelNumber="8">K</pat:OCRConfidenceData>EG B<pat:OCRConfidenceData pat:levelNumber="6666">/010</pat:OCRConfidenceData></pat:HeaderText></pat:BoundaryData><pat:PartName pat:idref="PN-00241">movable shaft </pat:PartName><pat:PartNumber pat:id="PN-00241">140</pat:PartNumber>. Instances of a <pat:PartName pat:idref="PN-00242">wheel-storage device </pat:PartName><pat:PartNumber pat:id="PN-00242">144</pat:PartNumber> are attached to the <pat:PartName pat:idref="PN-00243">frame assembly </pat:PartName><pat:PartNumber pat:id="PN-00243">102</pat:PartNumber>, and each instance of the <pat:PartName pat:idref="PN-00244">wheel-storage device </pat:PartName><pat:PartNumber pat:id="PN-00244">144</pat:PartNumber> is configured to receive and store a respective instance of the <pat:PartName pat:idref="PN-00245">wheel assembly </pat:PartName><pat:PartNumber pat:id="PN-00245">142</pat:PartNumber>.</pat:P>
<pat:P pat:id="p-56" pat:pNumber="56">[00051] If desired, a <pat:PartName pat:idref="PN-00246">wheel-lock mechanism </pat:PartName><pat:PartNumber pat:id="PN-00246">145</pat:PartNumber> is configured to selectively lock and unlock an instance of the <pat:PartName pat:idref="PN-00247">wheel assembly </pat:PartName><pat:PartNumber pat:id="PN-00247">142</pat:PartNumber> to a respective instance of the <pat:PartName pat:idref="PN-00248">leg assembly </pat:PartName><pat:PartNumber pat:id="PN-00248">143</pat:PartNumber>. The <pat:PartName pat:idref="PN-00249">leg assembly </pat:PartName><pat:PartNumber pat:id="PN-00249">143</pat:PartNumber> extends from a <pat:PartName pat:idref="PN-00250">respective movable shaft </pat:PartName><pat:PartNumber pat:id="PN-00250">140</pat:PartNumber>. If so desired, the <pat:PartName pat:idref="PN-00251">wheel-lock mechanism </pat:PartName><pat:PartNumber pat:id="PN-00251">145</pat:PartNumber> may be in the form of a pin.</pat:P>
<pat:P pat:id="p-57" pat:pNumber="57">[00052]  The <pat:PartName pat:idref="PN-00252">frame assembly </pat:PartName><pat:PartNumber pat:id="PN-00252">102</pat:PartNumber> further includes a <pat:PartName pat:idref="PN-00253">first frame section </pat:PartName><pat:PartNumber pat:id="PN-00253">123</pat:PartNumber> and a <pat:PartName pat:idref="PN-00254">second frame section </pat:PartName><pat:PartNumber pat:id="PN-00254">124</pat:PartNumber> spaced apart from the <pat:PartName pat:idref="PN-00255">first frame section </pat:PartName><pat:PartNumber pat:id="PN-00255">123</pat:PartNumber>. The <pat:PartName pat:idref="PN-00256">spaced-apart columns </pat:PartName><pat:PartNumber pat:id="PN-00256">122</pat:PartNumber> extend between the <pat:PartName pat:idref="PN-00257">first frame section </pat:PartName><pat:PartNumber pat:id="PN-00257">123</pat:PartNumber> and the <pat:PartName pat:idref="PN-00258">second frame section </pat:PartName><pat:PartNumber pat:id="PN-00258">124</pat:PartNumber>. The <pat:PartName pat:idref="PN-00259">first frame section </pat:PartName><pat:PartNumber pat:id="PN-00259">123</pat:PartNumber> is positi<pat:OCRConfidenceData pat:levelNumber="5">o</pat:OCRConfidenceData>ned above the <pat:PartName pat:idref="PN-00260">second frame section </pat:PartName><pat:PartNumber pat:id="PN-00260">124</pat:PartNumber>. The <pat:PartName pat:idref="PN-00261">second frame section </pat:PartName><pat:PartNumber pat:id="PN-00261">124</pat:PartNumber> is positioned closer to the ground relative to the <pat:PartName pat:idref="PN-00262">first frame section </pat:PartName><pat:PartNumber pat:id="PN-00262">123</pat:PartNumber>. The <pat:PartName pat:idref="PN-00263">second frame section </pat:PartName><pat:PartNumber pat:id="PN-00263">124</pat:PartNumber> includes the <pat:PartName pat:idref="PN-00264">load-support surface </pat:PartName><pat:PartNumber pat:id="PN-00264">120</pat:PartNumber>.</pat:P>
<pat:P pat:id="p-58" pat:pNumber="58">[00053]  The <pat:PartName pat:idref="PN-00265">first frame section </pat:PartName><pat:PartNumber pat:id="PN-00265">123</pat:PartNumber> includes parallel side-by-side longitudinal-extending members that are spaced apart from each other. The parallel side-by-side longitudinal- extending members have a length what may span the width of the <pat:PartName pat:idref="PN-00266">vehicle </pat:PartName><pat:PartNumber pat:id="PN-00266">200</pat:PartNumber> of FIG.</pat:P>
<pat:P pat:id="p-59" pat:pNumber="59"><pat:OCRConfidenceData pat:levelNumber="2">1</pat:OCRConfidenceData>A. The <pat:PartName pat:idref="PN-00267">first frame section </pat:PartName><pat:PartNumber pat:id="PN-00267">123</pat:PartNumber> also includes spaced-apart members positioned on opposite sides of (and extending between) the parallel side-by-side longitudinal- extending members. The <pat:PartName pat:idref="PN-00268">members of first frame section </pat:PartName><pat:PartNumber pat:id="PN-00268">123</pat:PartNumber> are attached so as to form a rectangular-shaped structure. The <pat:PartName pat:idref="PN-00269">second frame section </pat:PartName><pat:PartNumber pat:id="PN-00269">124</pat:PartNumber> may have the same configuration as the configuration of the <pat:PartName pat:idref="PN-00270">first frame section </pat:PartName><pat:PartNumber pat:id="PN-00270">123</pat:PartNumber> (if so desired).</pat:P>
<pat:P pat:id="p-60" pat:pNumber="60">[00054]  According to a specific option, the <pat:PartName pat:idref="PN-00271">hitch-interface assembly </pat:PartName><pat:PartNumber pat:id="PN-00271">106</pat:PartNumber> includes a <pat:PartName pat:idref="PN-00272">plate assembly </pat:PartName><pat:PartNumber pat:id="PN-00272">16<pat:OCRConfidenceData pat:levelNumber="5">0</pat:OCRConfidenceData></pat:PartNumber>, a <pat:PartName pat:idref="PN-00273">hitch-bar receiver </pat:PartName><pat:PartNumber pat:id="PN-00273">164</pat:PartNumber>, a <pat:PartName pat:idref="PN-00274">hitch-extender assembly </pat:PartName><pat:PartNumber pat:id="PN-00274">162</pat:PartNumber>, and a <pat:PartName pat:idref="PN-00275">storage pin </pat:PartName><pat:PartNumber pat:id="PN-00275">166</pat:PartNumber>. The <pat:PartName pat:idref="PN-00276">plate assembly </pat:PartName><pat:PartNumber pat:id="PN-00276">160</pat:PartNumber> extends from opposite sides of the <pat:PartName pat:idref="PN-00277">second frame section </pat:PartName><pat:PartNumber pat:id="PN-00277">124</pat:PartNumber>. The <pat:PartName pat:idref="PN-00278">hitch-bar receiver </pat:PartName><pat:PartNumber pat:id="PN-00278">164</pat:PartNumber> is attached to the <pat:PartName pat:idref="PN-00279">plate assembly </pat:PartName><pat:PartNumber pat:id="PN-00279">160</pat:PartNumber>. The <pat:BoundaryData><pat:HeaderText><pat:OCRConfidenceData pat:levelNumber="66">15</pat:OCRConfidenceData></pat:HeaderText></pat:BoundaryData><pat:BoundaryData><pat:HeaderText>KIRBY Reference Number 503584</pat:HeaderText></pat:BoundaryData>
<?PageStart number="15"?><pat:BoundaryData><pat:HeaderText>KEG <pat:OCRConfidenceData pat:levelNumber="86666">B/010</pat:OCRConfidenceData></pat:HeaderText></pat:BoundaryData><pat:PartName pat:idref="PN-00280">hitch-extender assembly </pat:PartName><pat:PartNumber pat:id="PN-00280">162</pat:PartNumber> is configured to be received by the <pat:PartName pat:idref="PN-00281">hitch-bar receiver </pat:PartName><pat:PartNumber pat:id="PN-00281">164</pat:PartNumber>. The <pat:PartName pat:idref="PN-00282">hitch- extender assembly </pat:PartName><pat:PartNumber pat:id="PN-00282">162</pat:PartNumber> is configured for secured connection to the <pat:PartName pat:idref="PN-00283">hitch assembly </pat:PartName><pat:PartNumber pat:id="PN-00283">202</pat:PartNumber> of the <pat:PartName pat:idref="PN-00284">vehicle </pat:PartName><pat:PartNumber pat:id="PN-00284">200</pat:PartNumber>. The <pat:PartName pat:idref="PN-00285">storage pin </pat:PartName><pat:PartNumber pat:id="PN-00285">166</pat:PartNumber> extends from the <pat:PartName pat:idref="PN-00286">frame assembly </pat:PartName><pat:PartNumber pat:id="PN-00286">102</pat:PartNumber> (from the second frame section 124). The <pat:PartName pat:idref="PN-00287">storage pin </pat:PartName><pat:PartNumber pat:id="PN-00287">166</pat:PartNumber> is configured to be received in a corresponding hole defined by the hitch-extender assembly 162; in this manner, the <pat:PartName pat:idref="PN-00288">hitch- extender assembly </pat:PartName><pat:PartNumber pat:id="PN-00288">162</pat:PartNumber> may be securely received in a <pat:PartName pat:idref="PN-00289">storage position relative to frame assembly </pat:PartName><pat:PartNumber pat:id="PN-00289">102</pat:PartNumber> (specifically, to the second frame section 124).</pat:P>
<pat:P pat:id="p-61" pat:pNumber="61">[00055]  The <pat:PartName pat:idref="PN-00290">powered-actuator assembly </pat:PartName><pat:PartNumber pat:id="PN-00290">104</pat:PartNumber> includes a <pat:PartName pat:idref="PN-00291">power cord </pat:PartName><pat:PartNumber pat:id="PN-00291">146</pat:PartNumber> and a <pat:PartName pat:idref="PN-00292">switch assembly </pat:PartName><pat:PartNumber pat:id="PN-00292">147</pat:PartNumber>. The <pat:PartName pat:idref="PN-00293">switch assembly </pat:PartName><pat:PartNumber pat:id="PN-00293">147</pat:PartNumber> is connected to the <pat:PartName pat:idref="PN-00294">power cord </pat:PartName><pat:PartNumber pat:id="PN-00294">146</pat:PartNumber>. Each instance of the <pat:PartName pat:idref="PN-00295">powered-actuator assembly </pat:PartName><pat:PartNumber pat:id="PN-00295">104</pat:PartNumber> includes an <pat:PartName pat:idref="PN-00296">electric actuator </pat:PartName><pat:PartNumber pat:id="PN-00296">149</pat:PartNumber> and a <pat:PartName pat:idref="PN-00297">mechanical connector </pat:PartName><pat:PartNumber pat:id="PN-00297">148</pat:PartNumber> (such as a bolt and nut). The <pat:PartName pat:idref="PN-00298">electric actuator </pat:PartName><pat:PartNumber pat:id="PN-00298">149</pat:PartNumber> is connected to the <pat:PartName pat:idref="PN-00299">switch assembly </pat:PartName><pat:PartNumber pat:id="PN-00299">147</pat:PartNumber>. The <pat:PartName pat:idref="PN-00300">mechanical connector </pat:PartName><pat:PartNumber pat:id="PN-00300">148</pat:PartNumber> fixedly connects an instance of the <pat:PartName pat:idref="PN-00301">electric actuator </pat:PartName><pat:PartNumber pat:id="PN-00301">149</pat:PartNumber> to a respective instance of the <pat:PartName pat:idref="PN-00302">spaced-apart columns </pat:PartName><pat:PartNumber pat:id="PN-00302">122</pat:PartNumber>.</pat:P>
<pat:P pat:id="p-62" pat:pNumber="62">[00056]  The <pat:PartName pat:idref="PN-00303">frame assembly </pat:PartName><pat:PartNumber pat:id="PN-00303">102</pat:PartNumber> includes a <pat:PartName pat:idref="PN-00304">light assembly </pat:PartName><pat:PartNumber pat:id="PN-00304">170</pat:PartNumber> configured to provide light once actuated to do just so. The <pat:PartName pat:idref="PN-00305">light assembly </pat:PartName><pat:PartNumber pat:id="PN-00305">170</pat:PartNumber> may be used to alert following motorists.</pat:P>
<pat:P pat:id="p-63" pat:pNumber="63">[00057]  FIG. 3 <pat:PartName pat:idref="PN-00306">(Sheet </pat:PartName><pat:PartNumber pat:id="PN-00306">3)</pat:PartNumber> depicts a perspective view of a schematic example of the <pat:PartName pat:idref="PN-00307">load </pat:PartName><pat:PartNumber pat:id="PN-00307">204</pat:PartNumber> supported by the <pat:PartName pat:idref="PN-00308">apparatus </pat:PartName><pat:PartNumber pat:id="PN-00308">100</pat:PartNumber> of FIGS.<pat:OCRConfidenceData pat:levelNumber="5">1</pat:OCRConfidenceData>A to <pat:OCRConfidenceData pat:levelNumber="588">1D.</pat:OCRConfidenceData></pat:P>
<pat:P pat:id="p-64" pat:pNumber="64">[00058]  FIG. 3 depicts the instances of the <pat:PartName pat:idref="PN-00309">leg assembly </pat:PartName><pat:PartNumber pat:id="PN-00309">143</pat:PartNumber> in a retracted position (corresponding with FIG. <pat:OCRConfidenceData pat:levelNumber="5">1</pat:OCRConfidenceData>C). FIG. 2 depicts the instances of the <pat:PartName pat:idref="PN-00310">leg assembly </pat:PartName><pat:PartNumber pat:id="PN-00310">143</pat:PartNumber> in an extended position (corresponding with FIG. <pat:OCRConfidenceData pat:levelNumber="5">1</pat:OCRConfidenceData>B). FIG. 3 depicts the <pat:PartName pat:idref="PN-00311">frame assembly </pat:PartName><pat:PartNumber pat:id="PN-00311">102</pat:PartNumber> receiving and supporting the <pat:PartName pat:idref="PN-00312">load </pat:PartName><pat:PartNumber pat:id="PN-00312">204</pat:PartNumber>. Generally speaking, the <pat:PartName pat:idref="PN-00313">frame assembly </pat:PartName><pat:PartNumber pat:id="PN-00313">102</pat:PartNumber> is configured to receive and to support the <pat:PartName pat:idref="PN-00314">load </pat:PartName><pat:PartNumber pat:id="PN-00314">204</pat:PartNumber>. FIGS. 2 <pat:PartName pat:idref="PN-00315">and </pat:PartName><pat:PartNumber pat:id="PN-00315">3</pat:PartNumber> depict a three- dimensional rendering of an example of the <pat:PartName pat:idref="PN-00316">apparatus </pat:PartName><pat:PartNumber pat:id="PN-00316">100</pat:PartNumber>. By way of example, the <pat:BoundaryData><pat:HeaderText><pat:OCRConfidenceData pat:levelNumber="88">16</pat:OCRConfidenceData></pat:HeaderText></pat:BoundaryData><pat:BoundaryData><pat:HeaderText>KIRBY Reference Number 503584</pat:HeaderText></pat:BoundaryData>
<?PageStart number="16"?><pat:BoundaryData><pat:HeaderText>KEG <pat:OCRConfidenceData pat:levelNumber="88666">B/010</pat:OCRConfidenceData></pat:HeaderText></pat:BoundaryData><pat:PartName pat:idref="PN-00317">apparatus </pat:PartName><pat:PartNumber pat:id="PN-00317">10<pat:OCRConfidenceData pat:levelNumber="5">0</pat:OCRConfidenceData></pat:PartNumber> may be configured to support a storage box. The storage box may have a <pat:PartName pat:idref="PN-00318">dimensional footprint of about </pat:PartName><pat:PartNumber pat:id="PN-00318">42</pat:PartNumber> <pat:PartName pat:idref="PN-00319">inches to about </pat:PartName><pat:PartNumber pat:id="PN-00319">46</pat:PartNumber> inches.</pat:P>
<pat:P pat:id="p-65" pat:pNumber="65">[00059]  According to a specific example, the <pat:PartName pat:idref="PN-00320">frame assembly </pat:PartName><pat:PartNumber pat:id="PN-00320">102</pat:PartNumber> includes a reinforced rectangular frame or cage that has four instances of the <pat:PartName pat:idref="PN-00321">powered-actuator assembly </pat:PartName><pat:PartNumber pat:id="PN-00321">104</pat:PartNumber> built into the corners of the <pat:PartName pat:idref="PN-00322">frame assembly </pat:PartName><pat:PartNumber pat:id="PN-00322">102</pat:PartNumber> (along the <pat:PartName pat:idref="PN-00323">spaced-apart columns </pat:PartName><pat:PartNumber pat:id="PN-00323">122</pat:PartNumber>.</pat:P>
<pat:P pat:id="p-66" pat:pNumber="66">The instances of the <pat:PartName pat:idref="PN-00324">powered-actuator assembly </pat:PartName><pat:PartNumber pat:id="PN-00324">104</pat:PartNumber> extend vertically. Each of the instances of the <pat:PartName pat:idref="PN-00325">powered-actuator assembly </pat:PartName><pat:PartNumber pat:id="PN-00325">104</pat:PartNumber> are configured to raise or lower a respective instance of the <pat:PartName pat:idref="PN-00326">movable shaft </pat:PartName><pat:PartNumber pat:id="PN-00326">140</pat:PartNumber> to which is attached an instance of the <pat:PartName pat:idref="PN-00327">wheel assembly </pat:PartName><pat:PartNumber pat:id="PN-00327">142</pat:PartNumber> having sufficient strength to ca<pat:OCRConfidenceData pat:levelNumber="66">rr</pat:OCRConfidenceData>y or to support the <pat:PartName pat:idref="PN-00328">load </pat:PartName><pat:PartNumber pat:id="PN-00328">204</pat:PartNumber>. For example, the <pat:PartName pat:idref="PN-00329">load </pat:PartName><pat:PartNumber pat:id="PN-00329">204</pat:PartNumber> <pat:PartName pat:idref="PN-00330">that may be used is up to about </pat:PartName><pat:PartNumber pat:id="PN-00330">400</pat:PartNumber> pounds for each instance of the <pat:PartName pat:idref="PN-00331">wheel assembly </pat:PartName><pat:PartNumber pat:id="PN-00331">142</pat:PartNumber> (if so desired). If so desire, the instances of the <pat:PartName pat:idref="PN-00332">wheel assembly </pat:PartName><pat:PartNumber pat:id="PN-00332">142</pat:PartNumber> may be eight inches in diameter to allow the <pat:PartName pat:idref="PN-00333">apparatus </pat:PartName><pat:PartNumber pat:id="PN-00333">100</pat:PartNumber> to be rolled over moderately uneven surfaces, such as a gravel surface, commonly found at locations associated with work sites. The <pat:PartName pat:idref="PN-00334">wheel assembly </pat:PartName><pat:PartNumber pat:id="PN-00334">142</pat:PartNumber> may be varied in size if so desired.</pat:P>
<pat:P pat:id="p-67" pat:pNumber="67">[00060]  The instances of the <pat:PartName pat:idref="PN-00335">powered-actuator assembly </pat:PartName><pat:PartNumber pat:id="PN-00335">104</pat:PartNumber> are positioned at the corners of the <pat:PartName pat:idref="PN-00336">frame assembly </pat:PartName><pat:PartNumber pat:id="PN-00336">102</pat:PartNumber>. The instances of the <pat:PartName pat:idref="PN-00337">powered-actuator assembly </pat:PartName><pat:PartNumber pat:id="PN-00337">104</pat:PartNumber> are connected to the <pat:PartName pat:idref="PN-00338">frame assembly </pat:PartName><pat:PartNumber pat:id="PN-00338">102</pat:PartNumber> by using plates and bolts. The raising and lowering of the <pat:PartName pat:idref="PN-00339">wheel assembly </pat:PartName><pat:PartNumber pat:id="PN-00339">142</pat:PartNumber> on the <pat:PartName pat:idref="PN-00340">movable shaft </pat:PartName><pat:PartNumber pat:id="PN-00340">140</pat:PartNumber> (also called columns) may be handled by installing an electric-mechanical actuator. The <pat:PartName pat:idref="PN-00341">powered-actuator assembly </pat:PartName><pat:PartNumber pat:id="PN-00341">104</pat:PartNumber> is controllable by the <pat:PartName pat:idref="PN-00342">switch assembly </pat:PartName><pat:PartNumber pat:id="PN-00342">147</pat:PartNumber>. The <pat:PartName pat:idref="PN-00343">switch assembly </pat:PartName><pat:PartNumber pat:id="PN-00343">147</pat:PartNumber> includes a first switch configured to cause the <pat:PartName pat:idref="PN-00344">powered-actuator assembly </pat:PartName><pat:PartNumber pat:id="PN-00344">104</pat:PartNumber> to raise or to lower a pair of the <pat:PartName pat:idref="PN-00345">wheel assembly </pat:PartName><pat:PartNumber pat:id="PN-00345">142</pat:PartNumber> (positioned in the rear of the apparatus 100). The <pat:PartName pat:idref="PN-00346">switch assembly </pat:PartName><pat:PartNumber pat:id="PN-00346">147</pat:PartNumber> includes another switch configured to raise or to lower a pair of the <pat:PartName pat:idref="PN-00347">wheel assembly </pat:PartName><pat:PartNumber pat:id="PN-00347">142</pat:PartNumber> (positioned in the front of the apparatus 100). This arrangement accomplishes or facilitates tilting or alignment of the <pat:PartName pat:idref="PN-00348">hitch-bar receiver </pat:PartName><pat:PartNumber pat:id="PN-00348">164</pat:PartNumber> in order to match the horizontal alignment of the <pat:PartName pat:idref="PN-00349">hitch-extender assembly </pat:PartName><pat:PartNumber pat:id="PN-00349">162</pat:PartNumber> that is connected to the <pat:PartName pat:idref="PN-00350">hitch assembly </pat:PartName><pat:PartNumber pat:id="PN-00350">202</pat:PartNumber> (as depicted in FIG. <pat:OCRConfidenceData pat:levelNumber="5">1</pat:OCRConfidenceData>B). In this manner, the <pat:PartName pat:idref="PN-00351">powered-actuator assembly </pat:PartName><pat:PartNumber pat:id="PN-00351">104</pat:PartNumber> is configured to facilitate alignment of the <pat:PartName pat:idref="PN-00352">hitch-bar receiver </pat:PartName><pat:PartNumber pat:id="PN-00352">164</pat:PartNumber> with the <pat:BoundaryData><pat:HeaderText><pat:OCRConfidenceData pat:levelNumber="88">17</pat:OCRConfidenceData></pat:HeaderText></pat:BoundaryData><pat:BoundaryData><pat:HeaderText>KIRBY Reference Number 503584</pat:HeaderText></pat:BoundaryData>
<?PageStart number="17"?><pat:BoundaryData><pat:HeaderText>KEGB/<pat:OCRConfidenceData pat:levelNumber="686">010</pat:OCRConfidenceData></pat:HeaderText></pat:BoundaryData><pat:PartName pat:idref="PN-00353">hitch-extender assembly </pat:PartName><pat:PartNumber pat:id="PN-00353">162</pat:PartNumber> on the same horizontal elevation (for the case where the ground is uneven). Simultaneous activation of both switches of the <pat:PartName pat:idref="PN-00354">switch assembly </pat:PartName><pat:PartNumber pat:id="PN-00354">147</pat:PartNumber> causes the instances of the <pat:PartName pat:idref="PN-00355">powered-actuator assembly </pat:PartName><pat:PartNumber pat:id="PN-00355">104</pat:PartNumber> to raise or lower the <pat:PartName pat:idref="PN-00356">frame assembly </pat:PartName><pat:PartNumber pat:id="PN-00356">102</pat:PartNumber> to accomplish transport position (wheels up as depicted in FIG. 1 C) or roll- away position (wheels down as depicted in FIG. <pat:OCRConfidenceData pat:levelNumber="5">1</pat:OCRConfidenceData>B).</pat:P>
<pat:P pat:id="p-68" pat:pNumber="68">[00061]   To adapt the <pat:PartName pat:idref="PN-00357">frame assembly </pat:PartName><pat:PartNumber pat:id="PN-00357">102</pat:PartNumber> to different sizes of storage boxes and uses, the measurements of the <pat:PartName pat:idref="PN-00358">frame assembly </pat:PartName><pat:PartNumber pat:id="PN-00358">102</pat:PartNumber> may be revised as desired. Similarly, to accommodate pneumatic or hydraulic actuation of the <pat:PartName pat:idref="PN-00359">powered-actuator assembly </pat:PartName><pat:PartNumber pat:id="PN-00359">104</pat:PartNumber>, appropriate control devices may be used as re<pat:OCRConfidenceData pat:levelNumber="5">q</pat:OCRConfidenceData>uired. It is expected that a preferred option provides the <pat:PartName pat:idref="PN-00360">powered-actuator assembly </pat:PartName><pat:PartNumber pat:id="PN-00360">104</pat:PartNumber> including an <pat:PartName pat:idref="PN-00361">electric actuator </pat:PartName><pat:PartNumber pat:id="PN-00361">149</pat:PartNumber>, such as an <pat:PartName pat:idref="PN-00362">electric-powered screw-type activator device, that may be powered by using </pat:PartName><pat:PartNumber pat:id="PN-00362">12</pat:PartNumber> volt power available through a trailer hitch electric plug (known and not depicted) positioned on the <pat:PartName pat:idref="PN-00363">vehicle </pat:PartName><pat:PartNumber pat:id="PN-00363">200</pat:PartNumber>.</pat:P>
<pat:P pat:id="p-69" pat:pNumber="69">[00062]  In accordance with an option, the <pat:PartName pat:idref="PN-00364">apparatus </pat:PartName><pat:PartNumber pat:id="PN-00364">100</pat:PartNumber> includes four instances of the <pat:PartName pat:idref="PN-00365">wheel assembly </pat:PartName><pat:PartNumber pat:id="PN-00365">142</pat:PartNumber> operatively affixed to the corners of the <pat:PartName pat:idref="PN-00366">frame assembly </pat:PartName><pat:PartNumber pat:id="PN-00366">102</pat:PartNumber> by way of instances of the <pat:PartName pat:idref="PN-00367">movable shaft </pat:PartName><pat:PartNumber pat:id="PN-00367">140</pat:PartNumber> (or columns). The instances of the <pat:PartName pat:idref="PN-00368">movable shaft </pat:PartName><pat:PartNumber pat:id="PN-00368">140</pat:PartNumber> are attached (directly or indirectly) to the <pat:PartName pat:idref="PN-00369">wheel assembly </pat:PartName><pat:PartNumber pat:id="PN-00369">142</pat:PartNumber> (at the base of the frame assembly 102). The <pat:PartName pat:idref="PN-00370">movable shaft </pat:PartName><pat:PartNumber pat:id="PN-00370">140</pat:PartNumber> may be propelled up or down by the <pat:PartName pat:idref="PN-00371">powered-actuator assembly </pat:PartName><pat:PartNumber pat:id="PN-00371">104</pat:PartNumber> in such a way as to raise and to lower the instances of the <pat:PartName pat:idref="PN-00372">wheel assembly </pat:PartName><pat:PartNumber pat:id="PN-00372">142</pat:PartNumber> necessary to raise (load) and lower (unload) the <pat:PartName pat:idref="PN-00373">apparatus </pat:PartName><pat:PartNumber pat:id="PN-00373">100</pat:PartNumber> onto the <pat:PartName pat:idref="PN-00374">hitch assembly </pat:PartName><pat:PartNumber pat:id="PN-00374">202</pat:PartNumber> of the <pat:PartName pat:idref="PN-00375">vehicle </pat:PartName><pat:PartNumber pat:id="PN-00375">200</pat:PartNumber> (by using a hitch-interface assembly 106). The <pat:PartName pat:idref="PN-00376">powered-actuator assembly </pat:PartName><pat:PartNumber pat:id="PN-00376">104</pat:PartNumber> may include a screw device, a pneumatic-pressure device, a hydraulic-pressure device or a mechanical device (if so desired).</pat:P>
<pat:P pat:id="p-70" pat:pNumber="70">[00063]   The <pat:PartName pat:idref="PN-00377">frame assembly </pat:PartName><pat:PartNumber pat:id="PN-00377">102</pat:PartNumber> is attached by using the <pat:PartName pat:idref="PN-00378">hitch-extender assembly </pat:PartName><pat:PartNumber pat:id="PN-00378">162</pat:PartNumber> configured to fit with the <pat:PartName pat:idref="PN-00379">hitch assembly </pat:PartName><pat:PartNumber pat:id="PN-00379">202</pat:PartNumber>. By way of example, the <pat:PartName pat:idref="PN-00380">hitch-extender assembly </pat:PartName><pat:PartNumber pat:id="PN-00380">162</pat:PartNumber> includes a bar or a tongue having a square-shaped cross-sectional profile.</pat:P>
<pat:BoundaryData><pat:HeaderText><pat:OCRConfidenceData pat:levelNumber="68">18</pat:OCRConfidenceData></pat:HeaderText></pat:BoundaryData>
<pat:BoundaryData><pat:HeaderText>KIRBY Reference Number 503584</pat:HeaderText></pat:BoundaryData>
<pat:P pat:id="p-71" pat:pNumber="71">
<?PageStart number="18"?></pat:P>
<pat:BoundaryData><pat:HeaderText>KEG <pat:OCRConfidenceData pat:levelNumber="86666">B/010</pat:OCRConfidenceData></pat:HeaderText></pat:BoundaryData>
<pat:P pat:id="p-72" pat:pNumber="72">[00064]  The <pat:PartName pat:idref="PN-00381">switch assembly </pat:PartName><pat:PartNumber pat:id="PN-00381">147</pat:PartNumber> (also called a control system) receives electric power from a trailer plug connected to a battery (such as the battery of the vehicle 200), so that the <pat:PartName pat:idref="PN-00382">switch assembly </pat:PartName><pat:PartNumber pat:id="PN-00382"><pat:OCRConfidenceData pat:levelNumber="5">1</pat:OCRConfidenceData>47</pat:PartNumber> controls the <pat:PartName pat:idref="PN-00383">powered-actuator assembly </pat:PartName><pat:PartNumber pat:id="PN-00383">104</pat:PartNumber> to raise or <pat:OCRConfidenceData pat:levelNumber="5">l</pat:OCRConfidenceData>ower the instances of the <pat:PartName pat:idref="PN-00384">wheel assembly </pat:PartName><pat:PartNumber pat:id="PN-00384">142</pat:PartNumber> (either separately or simultaneously in pairs) so the rear section or the front section of the <pat:PartName pat:idref="PN-00385">frame assembly </pat:PartName><pat:PartNumber pat:id="PN-00385">102</pat:PartNumber> is raised or lowered.</pat:P>
<pat:P pat:id="p-73" pat:pNumber="73">[00065]  According to an option, the <pat:PartName pat:idref="PN-00386">apparatus </pat:PartName><pat:PartNumber pat:id="PN-00386">100</pat:PartNumber> may include a retractable wheel system having sufficient height and retracting capacity when used; in addition, a power source (such as the trailer plug of the <pat:PartName pat:idref="PN-00387">vehicle </pat:PartName><pat:PartNumber pat:id="PN-00387">200</pat:PartNumber> or other power source) may be connected to provide power to the <pat:PartName pat:idref="PN-00388">powered-actuator assembly </pat:PartName><pat:PartNumber pat:id="PN-00388">104</pat:PartNumber> of the <pat:PartName pat:idref="PN-00389">apparatus </pat:PartName><pat:PartNumber pat:id="PN-00389">100</pat:PartNumber>. The <pat:PartName pat:idref="PN-00390">powered- actuator assembly </pat:PartName><pat:PartNumber pat:id="PN-00390">104</pat:PartNumber> is configured to move the <pat:PartName pat:idref="PN-00391">wheel assembly </pat:PartName><pat:PartNumber pat:id="PN-00391">142</pat:PartNumber> in the up position or the down position while remaining securely attached to the <pat:PartName pat:idref="PN-00392">frame assembly </pat:PartName><pat:PartNumber pat:id="PN-00392">102</pat:PartNumber> (if so desired). The <pat:PartName pat:idref="PN-00393">frame assembly </pat:PartName><pat:PartNumber pat:id="PN-00393">102</pat:PartNumber> may be secured to the <pat:PartName pat:idref="PN-00394">load </pat:PartName><pat:PartNumber pat:id="PN-00394">204</pat:PartNumber>, or may be disconnected from the <pat:PartName pat:idref="PN-00395">load </pat:PartName><pat:PartNumber pat:id="PN-00395">204</pat:PartNumber> (as may be required or desired).</pat:P>
<pat:P pat:id="p-74" pat:pNumber="74">[00066]  The <pat:PartName pat:idref="PN-00396">frame assembly </pat:PartName><pat:PartNumber pat:id="PN-00396">102</pat:PartNumber> may be secured to the <pat:PartName pat:idref="PN-00397">hitch assembly </pat:PartName><pat:PartNumber pat:id="PN-00397">202</pat:PartNumber> so that the danger of break-away from the <pat:PartName pat:idref="PN-00398">hitch assembly </pat:PartName><pat:PartNumber pat:id="PN-00398">202</pat:PartNumber> during travel is reduced. When the <pat:PartName pat:idref="PN-00399">wheel assembly </pat:PartName><pat:PartNumber pat:id="PN-00399">142</pat:PartNumber> is used, the <pat:PartName pat:idref="PN-00400">frame assembly </pat:PartName><pat:PartNumber pat:id="PN-00400">102</pat:PartNumber> may be conveniently rolled away.</pat:P>
<pat:P pat:id="p-75" pat:pNumber="75">The hitch-extender assembly 162 facilitates a safer transfer of the <pat:PartName pat:idref="PN-00401">load </pat:PartName><pat:PartNumber pat:id="PN-00401">204</pat:PartNumber>.</pat:P>
<pat:P pat:id="p-76" pat:pNumber="76">[00067]  The <pat:PartName pat:idref="PN-00402">light assembly </pat:PartName><pat:PartNumber pat:id="PN-00402">170</pat:PartNumber> (as depicted in FIG. 2) provides a safer conveyance since the <pat:PartName pat:idref="PN-00403">light assembly </pat:PartName><pat:PartNumber pat:id="PN-00403">170</pat:PartNumber> synchronizes with the tail lights of the <pat:PartName pat:idref="PN-00404">vehicle </pat:PartName><pat:PartNumber pat:id="PN-00404">200</pat:PartNumber> for braking.</pat:P>
<pat:P pat:id="p-77" pat:pNumber="77">For example, the battery of the <pat:PartName pat:idref="PN-00405">vehicle </pat:PartName><pat:PartNumber pat:id="PN-00405">200</pat:PartNumber> may provide a <pat:PartName pat:idref="PN-00406">convenient power source that may be used to lift about 1,800 lbs. (about </pat:PartName><pat:PartNumber pat:id="PN-00406">450</pat:PartNumber> lbs. per corner of the frame assembly 102). This arrangement may be more acceptable for situations in which the <pat:PartName pat:idref="PN-00407">load </pat:PartName><pat:PartNumber pat:id="PN-00407">204</pat:PartNumber> includes a contractor boxes that hold valuable and heavy tools. The <pat:PartName pat:idref="PN-00408">apparatus </pat:PartName><pat:PartNumber pat:id="PN-00408">100</pat:PartNumber> may be easy to disconnect with no tools or effort from the <pat:PartName pat:idref="PN-00409">hitch assembly </pat:PartName><pat:PartNumber pat:id="PN-00409">202</pat:PartNumber>. The height adjustment before disconnection of the <pat:PartName pat:idref="PN-00410">power cord </pat:PartName><pat:PartNumber pat:id="PN-00410">146</pat:PartNumber> (depicted in Fig. 2) <pat:OCRConfidenceData pat:levelNumber="5">l</pat:OCRConfidenceData>eaves the <pat:PartName pat:idref="PN-00411">load </pat:PartName><pat:PartNumber pat:id="PN-00411">204</pat:PartNumber> at a level that is safer and more stable; as well, the top section of the <pat:PartName pat:idref="PN-00412">load </pat:PartName><pat:PartNumber pat:id="PN-00412">204</pat:PartNumber> <pat:BoundaryData><pat:HeaderText><pat:OCRConfidenceData pat:levelNumber="88">19</pat:OCRConfidenceData></pat:HeaderText></pat:BoundaryData><pat:BoundaryData><pat:HeaderText>KIRBY Reference Number 503584</pat:HeaderText></pat:BoundaryData>
<?PageStart number="19"?><pat:BoundaryData><pat:HeaderText>KEGB/010</pat:HeaderText></pat:BoundaryData>can be positioned by using the <pat:PartName pat:idref="PN-00413">powered-actuator assembly </pat:PartName><pat:PartNumber pat:id="PN-00413">104</pat:PartNumber>, and in this way the <pat:PartName pat:idref="PN-00414">load </pat:PartName><pat:PartNumber pat:id="PN-00414">204</pat:PartNumber> may provide a convenient table height.</pat:P>
<pat:P pat:id="p-78" pat:pNumber="78">[00068]   Overall, the <pat:PartName pat:idref="PN-00415">apparatus </pat:PartName><pat:PartNumber pat:id="PN-00415">100</pat:PartNumber> may be configured for rugged use by professional contractors having large and heavy tool boxes. Reliable performance with changing conditions for power hook-up, travel and job-site usage may be facilitated by the <pat:PartName pat:idref="PN-00416">apparatus </pat:PartName><pat:PartNumber pat:id="PN-00416">100</pat:PartNumber>.</pat:P>
<pat:P pat:id="p-79" pat:pNumber="79">[00069]   FIGS. 4A to 4D (Sheet 4) depicts schematic examples of the <pat:PartName pat:idref="PN-00417">apparatus </pat:PartName><pat:PartNumber pat:id="PN-00417">100</pat:PartNumber> of FIGS.<pat:OCRConfidenceData pat:levelNumber="5">1</pat:OCRConfidenceData>A to <pat:OCRConfidenceData pat:levelNumber="5">1</pat:OCRConfidenceData>D. FIGS. 4A and 4B depict the end views. FIGS. 4C and 4D depict the side views.</pat:P>
<pat:P pat:id="p-80" pat:pNumber="80">[00070]  It may be appreciated that the assemblies and modules described above may be connected with each other as may be required to perform desired f<pat:OCRConfidenceData pat:levelNumber="5">u</pat:OCRConfidenceData>nctions and tasks that are within the scope of persons of skill in the art to make such combinations and permutations without having to describe each and every one of them in explicit terms.</pat:P>
<pat:P pat:id="p-81" pat:pNumber="81">There is no particular assembly, or components that are superior to any of the equivalents available to the art. There is no particular mode of practicing the disclosed subject matter that is superior to others, so long as the functions may be performed. It is believed that all the crucial aspects of the disclosed subject matter have been provided in this document. It is understood that the scope of the present invention is limited to the scope provided by the independent claim(s), and it is also understood that the scope of the present invention is not limited to: (i) the dependent claims, (ii) the detailed description of the non-limiting embodiments, (iii) the summary, (iv) the abstract, and/or (v) the description provided outside of this document (that is, outside of the instant application as filed, as prosecuted, and/or as granted). It is understood, for the purposes of this document, that the phrase "includes" is equivalent to the word "comprising." It is noted that the foregoing has outlined the non-limiting embodiments (examples). The description is made for particular non-limiting embodiments (examples). It is understood that the non-limiting embodiments are merely illustrative as examples.</pat:P>
<pat:BoundaryData><pat:HeaderText><pat:OCRConfidenceData pat:levelNumber="66">20</pat:OCRConfidenceData></pat:HeaderText></pat:BoundaryData>
<pat:BoundaryData><pat:HeaderText>KIRBY Reference Number 503584</pat:HeaderText></pat:BoundaryData>
</pat:Specification></pat:SpecificationDocument>
