<?xml version="1.0" encoding="UTF-8"?>
<pat:ClaimsDocument xmlns:pat="urn:us:gov:doc:uspto:patent" xmlns="urn:us:gov:doc:uspto:patent" xmlns:ent="urn:us:gov:doc:uspto:enterprise" xmlns:mml="http://www.w3.org/1998/Math/MathML" xmlns:tbl="http://www.oasis-open.org/tables/exchange/1.0" xmlns:xsi="http://www.w3.org/2001/XMLSchema-instance" xmlns:com="http://www.wipo.int/standards/XMLSchema/Common/1" pat:instanceFileName="13962724.08-08-2013.HK4I4RXSPXXIFW3.CLM.xml" pat:id="HK4I4RXSPXXIFW3" xsi:schemaLocation="urn:us:gov:doc:uspto:patent XMLSchema/V1_3/ClaimsDocument_1_1.xsd" pat:completeClaimsProvidedIndicator="false">
<pat:DocumentCode>CLM</pat:DocumentCode><pat:DocumentHeaderDetails pat:id="ID-00001">
<pat:ApplicationHeaderDetails><pat:ApplicationNumber>13962724</pat:ApplicationNumber></pat:ApplicationHeaderDetails>
<pat:PageTotalQuantity>6</pat:PageTotalQuantity>
</pat:DocumentHeaderDetails>
<pat:MailRoomDate>2013-08-08</pat:MailRoomDate>
<pat:ClaimSet pat:id="CLM-00000"><pat:ClaimList pat:id="ID-00002">
<?PageStart number="1"?>
<pat:BoundaryData><pat:HeaderText><pat:OCRConfidenceData pat:levelNumber="888">KEG</pat:OCRConfidenceData> <pat:OCRConfidenceData pat:levelNumber="86666">B/010</pat:OCRConfidenceData></pat:HeaderText></pat:BoundaryData> <pat:ClaimStatement>CLAIMS WHAT IS CLAIMED IS:</pat:ClaimStatement>
<pat:Claim pat:id="CLM-00001"><pat:ClaimNumber>1</pat:ClaimNumber>
<pat:ClaimText pat:id="ID-00003"><pat:ClaimLabelText>1. </pat:ClaimLabelText>An apparatus for use with a vehicle having a hitch assembly, the apparatus comprising: </pat:ClaimText>
<pat:ClaimText pat:id="ID-00004">a frame assembly being configured to be load bearing, and also being configured to facilitate secured connection with the hitch assembly of the vehicle ; and </pat:ClaimText>
<pat:ClaimText pat:id="ID-00005"><pat:OCRConfidenceData pat:levelNumber="8">a</pat:OCRConfidenceData> powered-actuator assembly being configured to be powered by a power source, and the powered-actuator assembly also being configured to move the frame assembly relative to the hitch assembly of the vehicle in such a way as to facilitate secured connection between the frame assembly and the hitch assembly. </pat:ClaimText>
<pat:ClaimTypeCategory>Independent</pat:ClaimTypeCategory></pat:Claim>
<pat:Claim pat:id="CLM-00002"><pat:ClaimNumber>2</pat:ClaimNumber>
<pat:ClaimText pat:id="ID-00006"><pat:ClaimLabelText>2. </pat:ClaimLabelText>The apparatus of claim <pat:ClaimReference pat:idrefs="CLM-00001">1</pat:ClaimReference>, wherein: </pat:ClaimText>
<pat:ClaimText pat:id="ID-00007">the frame assembly is further configured to support a load once the frame assembly receives the load ; and </pat:ClaimText>
<pat:ClaimText pat:id="ID-00008">the powered-actuator assembly is further configured to move the frame assembly supporting the load relative to the hitch assembly of the vehicle in such a way as to facilitate secured connection between the frame assembly and the hitch assembly. </pat:ClaimText>
<pat:ClaimTypeCategory>Dependent</pat:ClaimTypeCategory></pat:Claim>
<pat:Claim pat:id="CLM-00003"><pat:ClaimNumber>3</pat:ClaimNumber>
<pat:ClaimText pat:id="ID-00009"><pat:ClaimLabelText>3. </pat:ClaimLabelText>The apparatus of claim <pat:ClaimReference pat:idrefs="CLM-00001">1</pat:ClaimReference>, wherein: </pat:ClaimText>
<pat:ClaimText pat:id="ID-00010">the powered-actuator assembly is further configured to move the frame assembly between a hitch-connection position and a non-hitch position. </pat:ClaimText>
<pat:ClaimTypeCategory>Dependent</pat:ClaimTypeCategory></pat:Claim>
<pat:Claim pat:id="CLM-00004"><pat:ClaimNumber>4</pat:ClaimNumber>
<pat:ClaimText pat:id="ID-00011"><pat:ClaimLabelText>4. </pat:ClaimLabelText>The apparatus of claim <pat:ClaimReference pat:idrefs="CLM-00003">3</pat:ClaimReference>, wherein: </pat:ClaimText>
<pat:ClaimText pat:id="ID-00012">in the hitch-connection position, the frame assembly is positioned for operative secured connection to the hitch assembly in such a way that the vehicle fully supports the frame assembly receiving the load ; and </pat:ClaimText>
<pat:ClaimText pat:id="ID-00013"> </pat:ClaimText>
<pat:ClaimText pat:id="ID-00014"><pat:BoundaryData><pat:HeaderText><pat:OCRConfidenceData pat:levelNumber="88">21</pat:OCRConfidenceData></pat:HeaderText></pat:BoundaryData> <pat:BoundaryData><pat:HeaderText>KIRBY Reference Number 503584</pat:HeaderText></pat:BoundaryData>
<?PageStart number="2"?><pat:BoundaryData><pat:HeaderText>KEG B/<pat:OCRConfidenceData pat:levelNumber="666">010</pat:OCRConfidenceData></pat:HeaderText></pat:BoundaryData> in the non-hitch position, the frame assembly is spaced apart from the hitch assembly in such a way that the vehicle does not support the frame assembly receiving the load.</pat:ClaimText><pat:ClaimTypeCategory>Dependent</pat:ClaimTypeCategory></pat:Claim>
<pat:Claim pat:id="CLM-00005"><pat:ClaimNumber>5</pat:ClaimNumber>
<pat:ClaimText pat:id="ID-00015"><pat:ClaimLabelText>5. </pat:ClaimLabelText>The apparatus of claim <pat:ClaimReference pat:idrefs="CLM-00001">1</pat:ClaimReference>, wherein: </pat:ClaimText>
<pat:ClaimText pat:id="ID-00016">the powered-actuator assembly is supported by and connected to the frame assembly. </pat:ClaimText>
<pat:ClaimTypeCategory>Dependent</pat:ClaimTypeCategory></pat:Claim>
<pat:Claim pat:id="CLM-00006"><pat:ClaimNumber>6</pat:ClaimNumber>
<pat:ClaimText pat:id="ID-00017"><pat:ClaimLabelText>6. </pat:ClaimLabelText>The apparatus of claim <pat:ClaimReference pat:idrefs="CLM-00001">1</pat:ClaimReference>, wherein: </pat:ClaimText>
<pat:ClaimText pat:id="ID-00018">the frame assembly includes: </pat:ClaimText>
<pat:ClaimText pat:id="ID-00019">a hitch-interface assembly being securely coupled to the frame assembly, and the hitch-interface assembly being configured to facilitate secured connection with the hitch assembly of the vehicle<pat:OCRConfidenceData pat:levelNumber="6">;</pat:OCRConfidenceData> and </pat:ClaimText>
<pat:ClaimText pat:id="ID-00020">the powered-actuator assembly is also configured to: </pat:ClaimText>
<pat:ClaimText pat:id="ID-00021">move the frame assembly supporting the load relative to the hitch assembly of the vehicle in such a way as to facilitate secured connection between the hitch-interface assembly of the frame assembly and the hitch assembly. </pat:ClaimText>
<pat:ClaimTypeCategory>Dependent</pat:ClaimTypeCategory></pat:Claim>
<pat:Claim pat:id="CLM-00007"><pat:ClaimNumber>7</pat:ClaimNumber>
<pat:ClaimText pat:id="ID-00022"><pat:ClaimLabelText>7. </pat:ClaimLabelText>The apparatus of claim <pat:ClaimReference pat:idrefs="CLM-00006">6</pat:ClaimReference>, wherein: </pat:ClaimText>
<pat:ClaimText pat:id="ID-00023">the powered-actuator assembly is also configured to: </pat:ClaimText>
<pat:ClaimText pat:id="ID-00024">move the frame assembly supporting the load relative to the hitch assembly of the vehicle in such a way as to facilitate secured connection between the hitch-interface assembly of the frame assembly and the hitch assembly. </pat:ClaimText>
<pat:ClaimTypeCategory>Dependent</pat:ClaimTypeCategory></pat:Claim>
<pat:Claim pat:id="CLM-00008"><pat:ClaimNumber>8</pat:ClaimNumber>
<pat:ClaimText pat:id="ID-00025"><pat:ClaimLabelText>8. </pat:ClaimLabelText>The apparatus of claim <pat:ClaimReference pat:idrefs="CLM-00001">1</pat:ClaimReference>, wherein: </pat:ClaimText>
<pat:ClaimText pat:id="ID-00026">the frame assembly includes: </pat:ClaimText>
<pat:ClaimText pat:id="ID-00027">a load-support surface ; and </pat:ClaimText>
<pat:ClaimText pat:id="ID-00028"> </pat:ClaimText>
<pat:ClaimText pat:id="ID-00029"><pat:BoundaryData><pat:HeaderText><pat:OCRConfidenceData pat:levelNumber="88">22</pat:OCRConfidenceData></pat:HeaderText></pat:BoundaryData> <pat:BoundaryData><pat:HeaderText>KIRBY Reference Number 503584</pat:HeaderText></pat:BoundaryData>
<?PageStart number="3"?><pat:BoundaryData><pat:HeaderText>KEG<pat:OCRConfidenceData pat:levelNumber="88686">B/010</pat:OCRConfidenceData></pat:HeaderText></pat:BoundaryData> spaced-apart columns being fixedly connected to and extending from the load- support surface, and each instance of the spaced-apart columns being configured to connect to an instance of the powered-actuator assembly.</pat:ClaimText><pat:ClaimTypeCategory>Dependent</pat:ClaimTypeCategory></pat:Claim>
<pat:Claim pat:id="CLM-00009"><pat:ClaimNumber>9</pat:ClaimNumber>
<pat:ClaimText pat:id="ID-00030"><pat:ClaimLabelText>9. </pat:ClaimLabelText>The apparatus of claim <pat:ClaimReference pat:idrefs="CLM-00008">8</pat:ClaimReference>, wherein: </pat:ClaimText>
<pat:ClaimText pat:id="ID-00031">each instance of the powered-actuator assembly has a movable shaft being configured to move in response to powered actuation of the powered-actuator assembly <pat:OCRConfidenceData pat:levelNumber="8">;</pat:OCRConfidenceData> </pat:ClaimText>
<pat:ClaimText pat:id="ID-00032">and each instance of the movable shaft being movable between a hitch-connection position and a non-hitch position. </pat:ClaimText>
<pat:ClaimTypeCategory>Dependent</pat:ClaimTypeCategory></pat:Claim>
<pat:Claim pat:id="CLM-00010"><pat:ClaimNumber>10</pat:ClaimNumber>
<pat:ClaimText pat:id="ID-00033"><pat:ClaimLabelText>10. </pat:ClaimLabelText>The apparatus of claim <pat:ClaimReference pat:idrefs="CLM-00009">9</pat:ClaimReference>, wherein: </pat:ClaimText>
<pat:ClaimText pat:id="ID-00034">each instance of the movable shaft includes: </pat:ClaimText>
<pat:ClaimText pat:id="ID-00035">a leg assembly connected to a respective instance of the movable shaft. </pat:ClaimText>
<pat:ClaimTypeCategory>Dependent</pat:ClaimTypeCategory></pat:Claim>
<pat:Claim pat:id="CLM-00011"><pat:ClaimNumber>11</pat:ClaimNumber>
<pat:ClaimText pat:id="ID-00036"><pat:ClaimLabelText><pat:OCRConfidenceData pat:levelNumber="66">11</pat:OCRConfidenceData></pat:ClaimLabelText>. The apparatus of claim <pat:ClaimReference pat:idrefs="CLM-00010">10</pat:ClaimReference>, wherein: </pat:ClaimText>
<pat:ClaimText pat:id="ID-00037">each instance of the movable shaft includes: </pat:ClaimText>
<pat:ClaimText pat:id="ID-00038">a wheel assembly mounted to a respective instance of the movable shaft<pat:OCRConfidenceData pat:levelNumber="6">;</pat:OCRConfidenceData> and </pat:ClaimText>
<pat:ClaimText pat:id="ID-00039">an instance of the leg assembly extends from a respective instance of the wheel assembly, each instance of the leg assembly is connected to a respective instance of the movable shaft. </pat:ClaimText>
<pat:ClaimTypeCategory>Dependent</pat:ClaimTypeCategory></pat:Claim>
<pat:Claim pat:id="CLM-00012"><pat:ClaimNumber>12</pat:ClaimNumber>
<pat:ClaimText pat:id="ID-00040"><pat:ClaimLabelText>12. </pat:ClaimLabelText>The apparatus of claim <pat:ClaimReference pat:idrefs="CLM-00011">11</pat:ClaimReference>, wherein: </pat:ClaimText>
<pat:ClaimText pat:id="ID-00041">instances of a wheel-storage device are attached to the frame assembly, and each instance of the wheel-storage device is configured to receive and store a respective instance of the wheel assembly. </pat:ClaimText>
<pat:ClaimTypeCategory>Dependent</pat:ClaimTypeCategory></pat:Claim>
<pat:Claim pat:id="UNKNOWN-00001">
<pat:ClaimText pat:id="ID-00042"><pat:BoundaryData><pat:HeaderText><pat:OCRConfidenceData pat:levelNumber="88">23</pat:OCRConfidenceData></pat:HeaderText></pat:BoundaryData><pat:BoundaryData><pat:HeaderText><pat:OCRConfidenceData pat:levelNumber="86">KI</pat:OCRConfidenceData>RBY Reference Number 5<pat:OCRConfidenceData pat:levelNumber="4">0</pat:OCRConfidenceData>3584</pat:HeaderText></pat:BoundaryData>
<?PageStart number="4"?><pat:BoundaryData><pat:HeaderText>KEG <pat:OCRConfidenceData pat:levelNumber="86666">B/010</pat:OCRConfidenceData></pat:HeaderText></pat:BoundaryData></pat:ClaimText><pat:ClaimTypeCategory>Independent</pat:ClaimTypeCategory></pat:Claim>
<pat:Claim pat:id="CLM-00013"><pat:ClaimNumber>13</pat:ClaimNumber>
<pat:ClaimText pat:id="ID-00043"><pat:ClaimLabelText>13. </pat:ClaimLabelText>The apparatus of claim <pat:ClaimReference pat:idrefs="CLM-00008">8</pat:ClaimReference>, wherein: </pat:ClaimText>
<pat:ClaimText pat:id="ID-00044">the frame assembly further includes: </pat:ClaimText>
<pat:ClaimText pat:id="ID-00045">a first frame section <pat:OCRConfidenceData pat:levelNumber="8">;</pat:OCRConfidenceData> </pat:ClaimText>
<pat:ClaimText pat:id="ID-00046">a second frame section spaced apart from the first frame section<pat:OCRConfidenceData pat:levelNumber="6">;</pat:OCRConfidenceData> and </pat:ClaimText>
<pat:ClaimText pat:id="ID-00047">the spaced-apart columns extend between the first frame section and the second frame section. </pat:ClaimText>
<pat:ClaimTypeCategory>Dependent</pat:ClaimTypeCategory></pat:Claim>
<pat:Claim pat:id="CLM-00014"><pat:ClaimNumber>14</pat:ClaimNumber>
<pat:ClaimText pat:id="ID-00048"><pat:ClaimLabelText>14. </pat:ClaimLabelText>The apparatus of claim <pat:ClaimReference pat:idrefs="CLM-00013">13</pat:ClaimReference>, wherein: </pat:ClaimText>
<pat:ClaimText pat:id="ID-00049">the first frame section is positioned above the second frame section <pat:OCRConfidenceData pat:levelNumber="8">;</pat:OCRConfidenceData> </pat:ClaimText>
<pat:ClaimText pat:id="ID-00050">the second frame section is positioned closer to the ground relative to the first frame section ; and </pat:ClaimText>
<pat:ClaimText pat:id="ID-00051">the second frame section includes the load-support surface. </pat:ClaimText>
<pat:ClaimTypeCategory>Dependent</pat:ClaimTypeCategory></pat:Claim>
<pat:Claim pat:id="CLM-00015"><pat:ClaimNumber>15</pat:ClaimNumber>
<pat:ClaimText pat:id="ID-00052"><pat:ClaimLabelText>15. </pat:ClaimLabelText>The apparatus of claim <pat:ClaimReference pat:idrefs="CLM-00006">6</pat:ClaimReference>, wherein: </pat:ClaimText>
<pat:ClaimText pat:id="ID-00053">the hitch-interface assembly includes: </pat:ClaimText>
<pat:ClaimText pat:id="ID-00054">a plate assembly extending from the frame assembly <pat:OCRConfidenceData pat:levelNumber="8">;</pat:OCRConfidenceData> </pat:ClaimText>
<pat:ClaimText pat:id="ID-00055">a hitch-bar receiver attached to the plate assembly. </pat:ClaimText>
<pat:ClaimTypeCategory>Dependent</pat:ClaimTypeCategory></pat:Claim>
<pat:Claim pat:id="CLM-00016"><pat:ClaimNumber>16</pat:ClaimNumber>
<pat:ClaimText pat:id="ID-00056"><pat:ClaimLabelText>16. </pat:ClaimLabelText>The apparatus of claim <pat:ClaimReference pat:idrefs="CLM-00015">15</pat:ClaimReference>, wherein: </pat:ClaimText>
<pat:ClaimText pat:id="ID-00057">the hitch-interface assembly further includes: </pat:ClaimText>
<pat:ClaimText pat:id="ID-00058"><pat:OCRConfidenceData pat:levelNumber="8">a</pat:OCRConfidenceData> hitch-extender assembly being configured to be received by the hitch-bar receiver, and the hitch-extender assembly being configured for secured connection to the hitch assembly of the vehicle. </pat:ClaimText>
<pat:ClaimTypeCategory>Dependent</pat:ClaimTypeCategory></pat:Claim>
<pat:Claim pat:id="CLM-00017"><pat:ClaimNumber>17</pat:ClaimNumber>
<pat:ClaimText pat:id="ID-00059"><pat:ClaimLabelText>17. </pat:ClaimLabelText>The apparatus of claim <pat:ClaimReference pat:idrefs="CLM-00016">16</pat:ClaimReference>, wherein: </pat:ClaimText>
<pat:ClaimText pat:id="ID-00060">the hitch-interface assembly further includes: </pat:ClaimText>
<pat:ClaimText pat:id="ID-00061"> </pat:ClaimText>
<pat:ClaimText pat:id="ID-00062"><pat:BoundaryData><pat:HeaderText><pat:OCRConfidenceData pat:levelNumber="88">24</pat:OCRConfidenceData></pat:HeaderText></pat:BoundaryData> <pat:BoundaryData><pat:HeaderText>KIRBY Reference Number 503584</pat:HeaderText></pat:BoundaryData>
<?PageStart number="5"?><pat:BoundaryData><pat:HeaderText>KEG<pat:OCRConfidenceData pat:levelNumber="86666">B/010</pat:OCRConfidenceData></pat:HeaderText></pat:BoundaryData> a storage pin extending from the frame assembly, and the storage pin configured to be received in a corresponding hole defined by the hitch-extender assembly in such a way that the hitch-extender assembly is securely received in a storage position relative to the frame assembly.</pat:ClaimText><pat:ClaimTypeCategory>Dependent</pat:ClaimTypeCategory></pat:Claim>
<pat:Claim pat:id="CLM-00018"><pat:ClaimNumber>18</pat:ClaimNumber>
<pat:ClaimText pat:id="ID-00063"><pat:ClaimLabelText>18. </pat:ClaimLabelText>The apparatus of claim <pat:ClaimReference pat:idrefs="CLM-00001">1</pat:ClaimReference>, wherein: </pat:ClaimText>
<pat:ClaimText pat:id="ID-00064">the powered-actuator assembly includes: </pat:ClaimText>
<pat:ClaimText pat:id="ID-00065">an electric connector <pat:OCRConfidenceData pat:levelNumber="8">;</pat:OCRConfidenceData> </pat:ClaimText>
<pat:ClaimText pat:id="ID-00066">a switch assembly being connected to the power cord ; and </pat:ClaimText>
<pat:ClaimText pat:id="ID-00067">each instance of the powered-actuator assembly includes: </pat:ClaimText>
<pat:ClaimText pat:id="ID-00068">an electric actuator connected to the switch assembly. </pat:ClaimText>
<pat:ClaimTypeCategory>Dependent</pat:ClaimTypeCategory></pat:Claim>
<pat:Claim pat:id="CLM-00019"><pat:ClaimNumber>19</pat:ClaimNumber>
<pat:ClaimText pat:id="ID-00069"><pat:ClaimLabelText>19. </pat:ClaimLabelText>The apparatus of claim <pat:ClaimReference pat:idrefs="CLM-00018">18</pat:ClaimReference>, wherein: </pat:ClaimText>
<pat:ClaimText pat:id="ID-00070">the powered-actuator assembly further includes: </pat:ClaimText>
<pat:ClaimText pat:id="ID-00071">a mechanical connector fixedly connecting an instance of the electric actuator to a respective instance of the spaced-apart columns. </pat:ClaimText>
<pat:ClaimTypeCategory>Dependent</pat:ClaimTypeCategory></pat:Claim>
<pat:Claim pat:id="CLM-00020"><pat:ClaimNumber>20</pat:ClaimNumber>
<pat:ClaimText pat:id="ID-00072"><pat:ClaimLabelText>20. </pat:ClaimLabelText>The apparatus of claim <pat:ClaimReference pat:idrefs="CLM-00001">1</pat:ClaimReference>, wherein: </pat:ClaimText>
<pat:ClaimText pat:id="ID-00073">the frame assembly includes: </pat:ClaimText>
<pat:ClaimText pat:id="ID-00074">a light assembly being configured to provide light once actuated to do just so. </pat:ClaimText>
<pat:ClaimTypeCategory>Dependent</pat:ClaimTypeCategory></pat:Claim>
<pat:Claim pat:id="CLM-00021"><pat:ClaimNumber>21</pat:ClaimNumber>
<pat:ClaimText pat:id="ID-00075"><pat:ClaimLabelText>21. </pat:ClaimLabelText>An apparatus, comprising: </pat:ClaimText>
<pat:ClaimText pat:id="ID-00076">a vehicle having a hitch assembly <pat:OCRConfidenceData pat:levelNumber="8">;</pat:OCRConfidenceData> </pat:ClaimText>
<pat:ClaimText pat:id="ID-00077">a frame assembly configured to be load bearing, and also configured to facilitate secured connection with the hitch assembly of the vehicle ; and </pat:ClaimText>
<pat:ClaimText pat:id="ID-00078">a powered-actuator assembly being configured to be powered by a power source, and the powered-actuator assembly also being configured to move the frame assembly </pat:ClaimText>
<pat:ClaimText pat:id="ID-00079"><pat:BoundaryData><pat:HeaderText><pat:OCRConfidenceData pat:levelNumber="88">25</pat:OCRConfidenceData></pat:HeaderText></pat:BoundaryData> <pat:BoundaryData><pat:HeaderText>KIRBY Reference Number 503584</pat:HeaderText></pat:BoundaryData>
<?PageStart number="6"?><pat:BoundaryData><pat:HeaderText>KEG <pat:OCRConfidenceData pat:levelNumber="88686">B/010</pat:OCRConfidenceData></pat:HeaderText></pat:BoundaryData> relative to the hitch assembly of the vehicle in such a way as to facilitate secured connection between the frame assembly and the hitch assembly.</pat:ClaimText><pat:ClaimTypeCategory>Independent</pat:ClaimTypeCategory></pat:Claim>
<pat:Claim pat:id="CLM-00022"><pat:ClaimNumber>22</pat:ClaimNumber>
<pat:ClaimText pat:id="ID-00080"><pat:ClaimLabelText>22. </pat:ClaimLabelText>A method of operating a hitch assembly of a vehicle, the method comprising: </pat:ClaimText>
<pat:ClaimText pat:id="ID-00081">powering a powered-actuator assembly in such a way that the powered-actuator assembly moves a frame assembly configured to be load bearing relative to the hitch assembly of the vehicle in such a way as to facilitate secured connection between the frame assembly and the hitch assembly. </pat:ClaimText>
<pat:ClaimText pat:id="ID-00082"><pat:BoundaryData><pat:HeaderText><pat:OCRConfidenceData pat:levelNumber="88">26</pat:OCRConfidenceData></pat:HeaderText></pat:BoundaryData> <pat:BoundaryData><pat:HeaderText>KIRBY Reference Number 503584</pat:HeaderText></pat:BoundaryData></pat:ClaimText><pat:ClaimTypeCategory>Independent</pat:ClaimTypeCategory></pat:Claim>
</pat:ClaimList></pat:ClaimSet></pat:ClaimsDocument>
